user_input,retrieved_contexts,response,reference,context_precision,context_recall,faithfulness,answer_relevancy,answer_correctness
Bug fix comment 中的 Root Cause 需要包含哪些内容？,"['Bug fix与comments流转要求\n\n\n\n每一个bug fix，都需要comments如下\n\nRoot Cause\n\n1、技术分析：通过日志 / 调试定位代码逻辑错误（如空指针、条件判断）、算法缺陷（如性能瓶颈）、依赖库冲突（如 8155/8775 动态库版本差异）。\n\n2、需求层面：对比需求文档，检查是否因需求理解偏差或变更未同步导致功能遗漏 / 错误。\n\nSolution\n\n1、代码修复：修改错误代码并添加注释，优化算法或调整依赖库版本。\n\n2、需求同步：若因需求问题，拉SGM同学让组织跨团队重新评审并更新文档 / 计划。\n\n3、环境适配：针对设备 / 网络问题，增加兼容性处理或重试机制。\n\nTest Verification\n\n1、明确修改影响范围，开发需完成核心场景自测。\n\n2、列出需回归测试的业务场景。\n\n3、标注修复集成的 Daily Build 版本号，测试需在此版本验证。\n\n\n\n\n\n每一个bug 分析流转，comments要求如下\n\n\n\n1、贴地图内业务代码执行时序，最好是日志自证\n\n2、要求对方怎么做，怎么接力分析\n\n3、流转bug，不夸业务链路， 地图业务流转只给直接依赖的模块分析，间接依赖业务有咱们直接依赖业务流转', '""message"" : \xa0 ""The response data of the xxxxx service is abnormal""\n}', '""app_id"",\n \xa0 \xa0 \xa0 \xa0""app_version"",\n \xa0 \xa0 \xa0 \xa0"" 首页 "",\n \xa0 \xa0 \xa0 \xa0this.getClass().getName(),\n \xa0 \xa0 \xa0 \xa0""Fragment01"",\n \xa0 \xa0 \xa0 \xa0""Fragment02"",\n \xa0 \xa0 \xa0 \xa0properties.toString()\n \xa0  );\n} catch (JSONException e) {\n \xa0 \xa0e.printStackTrace();\n}\n ...', '11 4012 The HTTP header parameter xxxx is missing\n1 9999 System error\n请求示例']","根据提供的上下文，Bug fix comment中的Root Cause需要包含以下内容：

1. **技术分析**：通过日志/调试定位代码逻辑错误（如空指针、条件判断）、算法缺陷（如性能瓶颈）、依赖库冲突（如8155/8775动态库版本差异）

2. **需求层面**：对比需求文档，检查是否因需求理解偏差或变更未同步导致功能遗漏/错误",需要包含技术分析（如日志、代码逻辑错误、算法缺陷、依赖库冲突）以及需求层面的分析（是否因需求理解偏差或变更未同步导致功能遗漏或异常）。,,1.0,1.0,0.8038564047794452,0.8890796551147484
Bug fix 流程中的 Test Verification 有哪些关键要求？,"['Bug fix与comments流转要求\n\n\n\n每一个bug fix，都需要comments如下\n\nRoot Cause\n\n1、技术分析：通过日志 / 调试定位代码逻辑错误（如空指针、条件判断）、算法缺陷（如性能瓶颈）、依赖库冲突（如 8155/8775 动态库版本差异）。\n\n2、需求层面：对比需求文档，检查是否因需求理解偏差或变更未同步导致功能遗漏 / 错误。\n\nSolution\n\n1、代码修复：修改错误代码并添加注释，优化算法或调整依赖库版本。\n\n2、需求同步：若因需求问题，拉SGM同学让组织跨团队重新评审并更新文档 / 计划。\n\n3、环境适配：针对设备 / 网络问题，增加兼容性处理或重试机制。\n\nTest Verification\n\n1、明确修改影响范围，开发需完成核心场景自测。\n\n2、列出需回归测试的业务场景。\n\n3、标注修复集成的 Daily Build 版本号，测试需在此版本验证。\n\n\n\n\n\n每一个bug 分析流转，comments要求如下\n\n\n\n1、贴地图内业务代码执行时序，最好是日志自证\n\n2、要求对方怎么做，怎么接力分析\n\n3、流转bug，不夸业务链路， 地图业务流转只给直接依赖的模块分析，间接依赖业务有咱们直接依赖业务流转', '© 2020 上汽通用汽车有限公司 未经授权，不得以任何形式使用本文档所包括的任何部分\ninfo4 am校验客户端认证码失败\n（透传info4 am返回）\n200 {\n    ""resultCode"":""0003"",\n    ""message"":""\nAuthCode validation failed"",\n    ""dataSet"":{\n    }\n}\n需调用  接口获取应用最新Appkey，【INFO4 GATEWAY-AM】Appkey生成\n根据最新Appkey生成authcode，重新调用业务接口\ninfo4 am未配置应用App信息（\n透传info4 am返回）\n200 {\n    ""resultCode"":""0011"",\n    ""message"":""App does not exist"",\n    ""dataSet"":{\n    }\n}', '11 4012 The HTTP header parameter xxxx is missing\n1 9999 System error\n请求示例', '问题 解决方案\nDCP 显示  例如  “ 未定义字段 G33”\n找 DCP 同事检查\n模板定义是否存\n在问题，上传字\n段是否与模板定\n义一致\nDCP 显示  无效数据\n点击  “ 原始数\n据 ” ，里面有相关\n报错信息\n6 问题排查及解决方案  \n6.1 上传成功  \nSDk 上传成功会打印 “20000”\n6.2 用户反馈问题  \n6.2.1 问题排查步骤  \n6.2.2 问题表格  \nJSONArray time = new JSONArray();\ntime.put(""field1"", ""..."");\ntime.put(""field2"", ""..."");\ntime.put(""field3"", ""..."");\n...\nJSONObject jsonObject = new JSONObject();\njsonObject.put(""time"", time);\nproperties.put(""G118"", jsonObject.toString());\nI/RESPONSE: **************************\nI/ 发送条数 : n 条\nI/CODE: 20000\nI/message: ok\nI/RESPONSE: **************************\n用户排查步骤，如下\n1. 网络环境正常，可以访问外网\n2. 检查 Gn... 的数据格式，所有 Gx 后面接的是字符串，并确认用户（ aid ）有该模板权限\n3.SDK 初始化时确认所在环境，并确认 SDK 配置为对应环境（ dev 或 prod ）\n4. 确认上传数据与模板配置字段一致\n5. 根据本地日志检查上传结果']","根据提供的上下文，Bug fix流程中的Test Verification有以下关键要求：

1. **明确修改影响范围**：开发人员需要完成核心场景的自测
2. **列出需回归测试的业务场景**：需要详细列出所有需要回归测试的业务场景
3. **标注修复集成的Daily Build版本号**：测试人员需要在此特定版本上进行验证

这些要求确保bug修复后的功能验证工作能够系统化、可追溯地进行。",需要明确修改影响范围并完成自测；需要列出回归测试场景；并需标注修复集成的 Daily Build 版本号用于验证。,0.9999999999,1.0,1.0,0.8284583501276745,
地图业务相关 bug 在流转流程上有哪些限制？,"['Bug fix与comments流转要求\n\n\n\n每一个bug fix，都需要comments如下\n\nRoot Cause\n\n1、技术分析：通过日志 / 调试定位代码逻辑错误（如空指针、条件判断）、算法缺陷（如性能瓶颈）、依赖库冲突（如 8155/8775 动态库版本差异）。\n\n2、需求层面：对比需求文档，检查是否因需求理解偏差或变更未同步导致功能遗漏 / 错误。\n\nSolution\n\n1、代码修复：修改错误代码并添加注释，优化算法或调整依赖库版本。\n\n2、需求同步：若因需求问题，拉SGM同学让组织跨团队重新评审并更新文档 / 计划。\n\n3、环境适配：针对设备 / 网络问题，增加兼容性处理或重试机制。\n\nTest Verification\n\n1、明确修改影响范围，开发需完成核心场景自测。\n\n2、列出需回归测试的业务场景。\n\n3、标注修复集成的 Daily Build 版本号，测试需在此版本验证。\n\n\n\n\n\n每一个bug 分析流转，comments要求如下\n\n\n\n1、贴地图内业务代码执行时序，最好是日志自证\n\n2、要求对方怎么做，怎么接力分析\n\n3、流转bug，不夸业务链路， 地图业务流转只给直接依赖的模块分析，间接依赖业务有咱们直接依赖业务流转', '3.11.3 拥堵消散/加剧提醒\t73\n\n\t3.12 天气信息\t74\n\n\t3.12.1 当前位置天气信息(TBD)\t74\n\n\t3.12.2 沿途天气信息[在线]\t74\n\n\t3.13 LBS系统的概览视图\t75\n\n\t3.13.1 LBS系统支持的概览视图\t75\n\n\t3.13.2 LBS系统概览概览支持显示的基础信息\t76\n\n\t3.13.3 LBS系统概览视图下支持的基础操作\t77\n\n\t3.13.4 LBS系统概览视图退出策略\t77\n\n\t3.14 行程分享[Delete]\t77\n\n\t3.14.1 行程分享支持模式\t77\n\n\t3.14.2 行程分享内容\t77\n\n\t3.14.3 行程分享更新机制\t78\n\n\t3.14.4 行程分享退出机制\t78\n\n\t3.15 信息提示小黄条\t78\n\n\t3.15.1 信息提示小黄条支持模式\t78\n\n\t3.15.2 信息提示小黄条内容\t78\n\n\t3.15.3 信息提示小黄条触发及消失机制\t78\n\n\t3.16 导航结束卡片[Delete]\t79\n\n\t3.16.1 本次导航行程信息[Delete]\t79\n\n\t3.16.2 目的地附近POI推荐[Delete]\t79\n\n\t3.17 导航个性化语音设置\t79\n\n\t3.18 离线地图管理\t79\n\n\t3.18.1 离线地图城市搜索\t79\n\n\t3.18.2 地图数据增量更新[MY TBD]\t80\n\n\t3.18.3 离线地图数据更新速率要求\t80\n\n\t3.18.4 离线地图下载\t80\n\n\t3.18.5 离线地图列表\t81\n\n\t3.18.6 出厂预置地图(TBD)\t82\n\n\t3.19 沿途重点景区介绍[Delete]\t82\n\n\t3.19.1 电子有声简介[Delete]\t82\n\n\t3.19.2 重点景区缩略图[Delete]\t83\n\n\t3.19.3 重点景区详情查看[Delete]\t83', 'Onstar 跳转地图并且规划路径，\n根据经纬度反查地址\nNaviautoAPIManager.getInstance().requestReverseGeoSearch(GeoPoint \npoint)\nNaviautoAPIManager.getInstance().init(Context context, String \npackageName, String param)\nNaviautoAPIManager.getInstance().routePlan(BaseSearchPoi destPoint)\nNaviautoAPIManager.getInstance().startNavi()\nNaviautoAPIManager.getInstance().setOnSearchResultListener\n(OnSearchResultListener listener)\nNaviautoAPIManager.getInstance().addRoutePlanResultListener\n(OnRoutePlanResultListener listener)\nNaviautoAPIManager.getInstance().removeRoutePlanResultListener\n(OnRoutePlanResultListener listener)\n通过经纬度反查地址\n地图接口初始化\n路线规划\n开始导航\n获取搜索结果监听\n添加算路结果监听\n移除算路结果监听\nY Y\nDBA DBA 启动初始化地图、设置搜索结果监\n听、地区变化监听、位置变化监听、和限速\n监听。\n用于后续获取行程位置地区等信息时接收回\n调消息，以及获取当前道路的限速信息判断\n当前用户是否超速\nDBA 行程开始或者位置发生变化时获取当\n前位置信息\nDBA 行程结束结束时获取当前的位置信息', '事件Icon分类规则：支持类别细分，此类别细分只影响规划页，主图导航中不受影响；\n\n事件Icon，比例尺控制：21-13（5米-2km）级比例尺显示；小于13级，则不显示Icon。\n\n路径外事件\n\n在路径规划页面中，路径外事件区分外两个子类，以车辆是否可以通行为判断依据：\n\n已经避开的拥堵事件：事件透出意图，LBS服务算路时规避的拥堵事件，用于前端展示，以避免用户对绕路的疑惑；\n\n已经避开的封路事件：事件透出意图，LBS服务算路时规避的封路事件，用于前端展示，以避免用户对绕路的疑惑；\n\n以上事件信息需要支持用户查看事件的详细信息。\n\n地图事件图层\n\nLBS系统的地图事件图层，将为用户展示官方封路事件图层，图层特性，事件图层中的封路图层，图层内显示事件根据地图能力进行显示，follow高德策略。\n\n该事件图层内的事件需要支持用户查看详情。\n\n地图封路事件\n\n地图封路事件，离线下不展示，在线时展示；（不需要随着系统网络状态实时变化）。\n\n地图封路事件，不随着路况按钮的开闭来决定事件展示，无论路况开或关均展示。\n\n导航模式交通事件信息\n\n在导航模式下，支持当前路径上前方道路的交通事件。\n\n导航模式，路径交通事件信息查看\n\n在导航模式中，路径交通事件信息需要支持用户查看详情。\n\n导航模式，路径拥堵事件信息\n\n在导航模式，支持显示前方道路的拥堵信息，拥堵信息需要透出两个基础信息：\n\n导航模式下，前方道路的拥堵信息，需要透出当前拥堵路段的长度；\n\n导航模式下，前方道路的拥堵信息，需要透出当前拥堵路段的预计通行时间。\n\n模拟导航模式交通事件信息\n\n模拟导航状态下，对交通事件信息查看和显示不做要求。\n\n探路模式交通事件信息[Delete]\n\n探路模式下，交通事件信息查看请参考< 3.8.5 导航模式交通事件信息>。\n\n交通事件信息上报[Delete]']","根据提供的上下文，地图业务相关 bug 在流转流程上的限制是：

**流转bug，不跨业务链路，地图业务流转只给直接依赖的模块分析，间接依赖业务有咱们直接依赖业务流转**

这意味着：
- 地图业务相关的bug只能流转给直接依赖地图业务的模块进行分析
- 不能直接流转给间接依赖的业务模块
- 间接依赖的业务问题应由直接依赖地图业务的模块负责进一步流转",不能跨业务链路；地图业务只能流转给直接依赖的模块；间接依赖的业务由直接依赖的业务负责流转。,,1.0,1.0,0.5969058288333942,
VCU 与 ADM_HC 的通信方式是什么？,"['ADAS/V2X与LBS数据交互系统框图\n\nADAS/V2X与LBS数据交互系统框图参考如下：\n\n\n\nCAN Bus: 3 – 2 – 1 – 7，LBS与IDCM/FCM之间通过CAN信号传输交通拥堵信息、道路限速信息等，具体请参考< 4.3.9.2 IDCM与LBS之间的以太网数据列表>；\n\nEthernet: 4 – 5 ，LBS与IDCM之间通过Ethernet传输ADASIS相关的信息，具体请参考< 4.3.9.3 IDCM/FCM/V2X与LBS之间的CAN数据列表>；\n\nCAN Bus: 3 – 2 – 1 – 8，LBS与V2X模块通过CAN信号传输道路限速信息和V2X事件信息，具体请参考<4.3.9.3 IDCM/FCM/V2X与LBS之间的CAN数据列表>。\n\nIDCM与LBS之间的以太网数据列表\n\nIDCM与LBS之间传输的以太网数据为EHP引擎提供的ADASIS V2的数据，具体参考以下列表，版本 0.0.1：\n\nIDCM/FCM/V2X与LBS之间的CAN数据列表\n\nIDCM/FCM/V2X与LBS之间传输的CAN数据参考如下表：\n\n发送方\n\n接收方\n\n信号名\n\nVCU\n\nIDCM/FCM\n\nVCU Speed Limit Arbitration Results\n\nVCU\n\nIDCM/FCM\n\nVCU Speed Limit Arbitration Results Assured\n\nIDCM/FCM\n\nVCU\n\nFCM Speed Limit Sign Speed Limit Value\n\nIDCM/FCM\n\nVCU\n\nFCM Speed Limit Sign Speed Limit Value Assured\n\nIDCM\n\nVCU\n\nNavigation On ADAS Button Setting Available\n\nIDCM\n\nVCU', '序号\n\n条件\n\nVCU输出总线信号\n\n（Personal Information Authorization Status）\n\n车内其它模块要求\n\n1\n\nMEC：非0—> 0\n\n$0\n\n可收集一般个人信息\n\n2\n\n用户同意\n\n$1\n\n可收集一般个人信息\n\n3\n\n用户拒绝\n\n$2\n\n不可收集一般个人信息\n\n4\n\nVCU恢复出厂\n\n$3\n\n不可收集一般个人信息\n\n\n\n\n\n大协议授权状态分为；永久授权状态、未授权状态。系统初始状态为未授权状态。\n\n当车型配置APU时，APU与VCU 共用一套大协议弹窗状态，APU侧以VCU状态为准。\n\n以下情况进入未授权状态（无setting设置项开关撤回方式）：\n\n（1）恢复出厂设置后或4.8章节中涉及的系统更新场景。\n\n（2）系统检测到后台最新版本高于本机存储版本时，下载最新版本后。\n\n（3）用户授权CAN消息逻辑 （当前仅涉及CLEA架构车型，参考Arch CR 302745）\n\n以下情况进入永久授权状态：\n\n（1）用户通过大协议弹窗同意授权时。\n\n（2）用户勾选大协议登陆后（登出后仍保持大协议的永久授权状态）。\n\n（3）用户授权CAN消息逻辑 （当前仅涉及CLEA架构车型，参考Arch CR 302745）\n\n\n\n仍需具备以下能力：\n\n授权状态可被具有数据收集功能的应用读取。当授权状态变化时，VCU需将状态值主动发给APU。\n\n状态需定期上传至后台。（单个点火循环周期内VCU单次生命周期内上传一次）\n\n仅支持通过VCU恢复出厂设置撤回。\n\n用户授权合作方生态大协议/合作方地图大协议/第三方应用大协议前，需保证SGM大协议已授权。如SGM大协议未授权，不可单独授权此类大协议。\n\n\n\n大协议授权流程，可参考下图3-1。\n\n\n\n图3-1 大协议授权流程图（仅供参考，以实际设计为准） \n\n协议显示', 'VCU与ADM_HC之间的通信方式为UDP + SOME/IP-TP + Proto。Server端将大包数据一次性作为Payload下发，SOME/IP-TP协议支持把超过MTU的SOME/IP报文进行分片和重组\n\n\n\n\n\nMap Service与SD Map 交互\n\n进程生命周期\n\nMap Service服务应跟随安卓系统状态，实现开机自启动。Map Service需保证在VCU STR和冷启动的时候，实现开机自启动。同时在系统休眠和进入STR状态后，实现服务关闭。处于工作状态中的进程因故被终止后需在xx秒内自动重启，且可以正常工作。\n\n经与高德SD Map确认，高德SD Map的进程也是开机自启动。\n\n\n\nTopic订阅与发布\n\n高德SD Map在进程启动后 (开机自启)，需要将所有的Topic注册到Service bus上，在Topic注册完成后，高德SD Map再发送action: ACTION_XXXXX_PROCESS_START (TBD)广播，Map Service接收到该广播后，对高德SD的Topic进行订阅。在订阅所需的Topic成功后，Map Service需要支持透传topic传递的内容。如下流程图所示：\n\n\n\n高德SD注册Topic后，如果有发布数据，Bus会进行缓存。如果高德SD Map在MapService 订阅Topic之前发布了Topic, MapService订阅后会先拿到缓存的数据，需要高德确认是否需要立即发布给ADM_HC\n\n高德SD Map需要保证Topic注册和订阅的完整性，若注册或订阅失败，需要进行重试，具体重试次数及时间参数不在本文档中规定。如果注册或订阅，由高德地图自行考虑与客户交互的问题。', '应用分类\n\n隐私功能分类\n\n功能实现\n\n⑴ Setting App\n\n\n\n\n\n云端交互\n\n上传用户接受的数据安全大协议版本\n\n\n\n\n\n获取最新版本的数据安全大协议\n\n\n\n数据安全大协议\n\nSGM协议条款的授权状态存储\n\n\n\n\n\nSGM协议条款的有效期管理\n\n\n\n\n\n弹窗实现：\n\na）开机大协议弹窗（SGM协议条款+合作方协议条款）；\n\nb）非开机大协议弹窗（形式1：仅SGM协议条款；形式2：SGM协议条款+合作方协议条款）\n\n\n\n\n\nSGM协议条款查看\n\n\n\n\n\n合作方协议条款查看\n\n\n\n敏感信息\n\n所有应用的敏感信息授权弹窗实现\n\n\n\n\n\n所有应用的敏感信息授权状态查看入口\n\n\n\n\n\n所有应用的敏感信息授权更改入口\n\n\n\nADAS大数据回传\n\n授权弹窗\n\n\n\n\n\n授权有效期管理\n\n\n\n\n\n通知ADAS模块授权状态\n\n⑵ 协议管理系统TCPS\n\n数据安全大协议\n\n提供最新版本的数据安全大协议\n\n\n\n\n\n反馈用户接受的数据安全大协议版本有效性\n\n*⑶ SGM App\n\n\n\n数据安全大协议\n\n从setting查询SGM协议条款授权状态，并实现其隐私功能\n\n\n\n敏感信息\n\n从setting查询敏感信息授权状态，并实现其隐私功能\n\n*⑷ 合作方App\n\n数据安全大协议\n\n从setting查询SGM协议条款授权状态，并实现其隐私功能\n\n\n\n\n\n合作方协议条款的授权状态存储\n\n\n\n\n\n合作方协议条款的有效期管理\n\n\n\n\n\n提供合作方协议的授权状态到setting\n\n\n\n敏感信息\n\n从setting查询敏感信息授权状态，并实现其隐私功能\n\n*⑸ 三方App\n\n数据安全大协议\n\n从setting查询SGM协议条款授权状态，并实现其隐私功能\n\n\n\n三方应用内协议\n\n三方应用内协议条款的授权状态存储\n\n\n\n\n\n三方应用内协议条款的有效期管理\n\n\n\n敏感信息']",根据提供的上下文，VCU与ADM_HC之间的通信方式为 **UDP + SOME/IP-TP + Proto**。Server端将大包数据一次性作为Payload下发，SOME/IP-TP协议支持把超过MTU的SOME/IP报文进行分片和重组。,采用 UDP + SOME/IP-TP + Proto 的方式；大包通过 SOME/IP-TP 进行分片与重组。,0.3333333333,1.0,1.0,0.6849084529295804,
SD Map 进程启动后需要进行哪些 Topic 注册相关操作？,"['VCU与ADM_HC之间的通信方式为UDP + SOME/IP-TP + Proto。Server端将大包数据一次性作为Payload下发，SOME/IP-TP协议支持把超过MTU的SOME/IP报文进行分片和重组\n\n\n\n\n\nMap Service与SD Map 交互\n\n进程生命周期\n\nMap Service服务应跟随安卓系统状态，实现开机自启动。Map Service需保证在VCU STR和冷启动的时候，实现开机自启动。同时在系统休眠和进入STR状态后，实现服务关闭。处于工作状态中的进程因故被终止后需在xx秒内自动重启，且可以正常工作。\n\n经与高德SD Map确认，高德SD Map的进程也是开机自启动。\n\n\n\nTopic订阅与发布\n\n高德SD Map在进程启动后 (开机自启)，需要将所有的Topic注册到Service bus上，在Topic注册完成后，高德SD Map再发送action: ACTION_XXXXX_PROCESS_START (TBD)广播，Map Service接收到该广播后，对高德SD的Topic进行订阅。在订阅所需的Topic成功后，Map Service需要支持透传topic传递的内容。如下流程图所示：\n\n\n\n高德SD注册Topic后，如果有发布数据，Bus会进行缓存。如果高德SD Map在MapService 订阅Topic之前发布了Topic, MapService订阅后会先拿到缓存的数据，需要高德确认是否需要立即发布给ADM_HC\n\n高德SD Map需要保证Topic注册和订阅的完整性，若注册或订阅失败，需要进行重试，具体重试次数及时间参数不在本文档中规定。如果注册或订阅，由高德地图自行考虑与客户交互的问题。', 'Launc\nher  V\nCS2.0\n地图桌面 由于在UX２.０中需要显示导航主页，请考虑能否让Launcher直接接入导航，这\n样可以不再使用 的 去加载，能够实现更加顺滑的切换效果AOSP taskView\n如上述无法实现，则\n在UX2.0的设计中，需要在桌面显示导航主页，按照设计，该界面的功能需要与\n导航应用主页的功能一致（两个Activity），因此，需要在设计APK架构时，将视\n图层与导航控制层不要强绑定。\n1.导航桌面上默认显示桌面卡片，一定条件下需要进行隐藏\n2.壁纸、车模桌面左上角均有（家、公司、搜索）三个按钮，且能显示巡航态、\n导航态信息，需要由导航应用绘制\n3.在地图桌面，AppWindow显示的场景下，导航桌面部分元素需要位移\n与Launcher具体的交互设计见PIS-3301      在PIS-3302中，副驾吸顶屏保界面\n需要导航动态卡，但是目前没有具体描述\n导航桌面已经导航应用与其他桌\n面的交互\nN Y\nLaunc\nher  V\nCS2.0\n桌面导航卡片 与Launcher具体的交互设计见PIS-3000\nLauncher桌面 存在五张卡片，其中存在导航卡片，其余卡片使用AOSP widget, \n导航卡片使用TaskView加载\nrequestReverseGeoSearch\nY N\n本地相\n册\n根据图片的exif 信息中包含的经纬度信息，\n查询具体的省、市等区域\n获取地址信息 N Y\n场景创\n想室\n打开地图 () 打开地图页面 Y Y\n搜索目的地并支持设置地址开始导航 搜索目的地，同时支持列表显示（透出POI名称、经纬度） 支持搜索目的地，并支持返回搜\n索列表\n同时支持外部调用设置地址接口\n开始导航\nN N\n获取家、公司、收藏地点的详细信息，同时\n需支持设置地址开始导航', '日期 调整内容\n修\n改\n人\n2021/03/19\n1. 由于接收数据端 URL 变更， SDK 更新了测试与生产环境发送数据的 URL\n上个版本  SDK 的模式设置为  DEV / PROD 均向测试环境发送数据\n此版本：\nconfigOptions.mode(ModeEnum.DEV) 向测试环境发送数据\nconfigOptions.mode(ModeEnum.PROD) 向生产环境发送数据\n柯\n圣\n川\n2021/03/31\n1. 增加字段  usr_id （ G33 ）\n2. 增加方法1.7 ⑥设置用户 ID，用于设置新字段  usr_id\n3. 为了方便定位问题与防止 SDK 包版本混淆， SDK 的名称增加版本号，请注\n意引入新的 SDK 时修改代码中的引入语句\n柯\n圣\n川\n2021/04/25\n1. 由于业务调整，将  G12 、 G23 、 G24 、 G25 、 G28 改为非必需字段\n2. 更新了1.1 引入 SDK，增加引入方式②使用本地  jar 包引入  SDK 所需依\n赖，对于本地环境无外网无法使用  gradle 的用户，请尝试这种方式引入\n柯\n圣\n川\n2021/05/21 1. 增加注意事项5.2 用户自定义字段不支持直接设置 JsonArray\n柯\n圣\n川\n2021/07/06\n1. 修复了在生产环境下的日志禁用问题\n2. 此外新增通过初始化配置可以自行控制日志打印\nconfigOptions.enableLog(true) 为开启打印日志\nconfigOptions.enableLog(false) 为关闭打印日志 ;\n姬\n晓\n亚\n2021/08/04 1. 对普通事件以外埋点方法涉及  trackJump* 类型的埋点，使参数具备默认\n“ 事件名称 ” 的功能\n姬\n晓\n亚', 'Func Spec – PIS2116: Location Based Service_AVersion 0.0.2.3\n\n\n\n\n\n\n\nSpec Tracking Number: PIS2116\n\n\n\nLocation Based Service_A\n\n\n\nDocument Owner\n\nThis specification is owned by:\n\nHuang Minsi\n\nInfotainment Group, ELEC, PATAC\n\n+86 21 50165016 – 592625\n\nMinsi_Huang@patac.com.cn\n\n\n\n\nTable of Contents\n\n\t1 需求概述\t9\n\n\t1.1 背景价值\t9\n\n\t1.2 名词解释\t9\n\n\t1.3 功能全景\t9\n\n\t2 需求列表\t9\n\n\t3 需求描述\t10\n\n\t3.1 LBS定位系统\t10\n\n\t3.1.1 LBS系统的定位方案\t10\n\n\t3.1.2 卫星定位\t11\n\n\t3.1.3 网络定位[Delete]\t11\n\n\t3.1.4 航位推算(DR-Dead Reckoning)\t11\n\n\t3.1.5 高架桥识别\t12\n\n\t3.1.6 平行路切换\t12\n\n\t3.1.7 Map Matching\t12\n\n\t3.1.8 车道级定位[TBD]\t12\n\n\t3.2 LBS系统的工作模式\t12\n\n\t3.2.1 LBS系统不同工作模式介绍\t13\n\n\t3.2.2 不同模式下支持的内容显示\t15\n\n\t3.2.3 不同模式下支持的图面操作\t17\n\n\t3.2.4 不同模式下支持的快捷操作\t17\n\n\t3.2.5 导航模式的界面状态\t18\n\n\t3.2.6 鹰眼小地图[Delete]\t19\n\n\t3.2.7 光柱图\t20\n\n\t3.2.8 LBS系统的全览\t21\n\n\t3.2.9 路口大图\t21\n\n\t3.2.10 区间测速\t24']","根据提供的上下文，SD Map 进程启动后需要进行以下 Topic 注册相关操作：

1. **注册所有 Topic**：高德 SD Map 在进程启动后（开机自启），需要将所有的 Topic 注册到 Service bus 上。

2. **发送启动广播**：在 Topic 注册完成后，高德 SD Map 需要发送一个 action 为 `ACTION_XXXXX_PROCESS_START`（具体名称待定）的广播。

3. **保证注册完整性**：高德 SD Map 需要保证 Topic 注册和订阅的完整性。如果注册或订阅失败，需要进行重试（具体重试次数和时间参数未在文档中规定）。

这些操作完成后，Map Service 会接收到广播并对高德 SD Map 的 Topic 进行订阅，然后支持透传 Topic 传递的内容。",启动后需向 Service Bus 注册全部 Topic；注册完成后发送 PROCESS_START 广播；Map Service 根据广播执行 Topic 订阅。,0.9999999999,1.0,1.0,,0.5546324156816078
如果 SD Map 在订阅之前发布数据，系统行为是什么？,"['高德SD Map需要保证Topic注册和订阅的完整性，若注册或订阅失败，需要进行重试，具体重试次数及时间参数不在本文档中规定。如果注册或订阅，由高德地图自行考虑与客户交互的问题。\n\n高德SD应与ADM_HC约定好数据发送与解析逻辑，Map Service仅透传，不做数据过滤。虽然现在SD->HD的数据频率较低，从平台性能角度出发，高德SD没有数据要发送的时候，不应该发布Topic更新。\n\n高德数据发送逻辑: \n\nTopic Name\n\nUpdate time\n\nDescription\n\nMpilotSDRouteList\n\n首次开始导航时/偏航重算重新开始导航时\n\nSD全局路径\n\nMpilotNavigationInformation\n\n1000ms周期\n\n自车、路口等其它导航信息\n\n\n\nNOP Service与SR 交互\n\n待方案冻结后更新。\n\n\n\n\n\n\n API List\n\n\n\nRPC\n\n无实现具体业务的RPC。\n\n\n\nTopic\n\nProvider\n\nConsumer\n\nTopic Name\n\nResource\n\nuri\n\nVCU\n\nADM_HC\n\nMpilotSDRouteList\n\nmpilot_navigation\n\ncls:/adas.map/1/mpilot_navigation#MpilotSDRouteList\n\n\n\n\n\nMpilotNavigationInformation\n\nmpilot_navigation\n\ncls:/adas.map/1/mpilot_navigation#MpilotNavigationInformation', '4.3.5.5\n\n增加导航飞屏的需求\n\nMao Changhong\n\n0.0.0.7\n\n14-Oct-20\n\n4.3.9.3\n\n更新IDCM/FCM/V2X与LBS之间的CAN数据列表\n\nMao Changhong\n\n0.0.0.7\n\n14-Oct-20\n\n4.3.10\n\n增加支持导航进程管理的需求\n\nMao Changhong\n\n0.0.0.7\n\n14-Oct-20\n\n4.4.1\n\n补充缓存数据清除的数据类型\n\nMao Changhong\n\n0.0.0.7\n\n14-Oct-20\n\n4.4.2\n\n补充设置项的默认状态\n\nMao Changhong\n\n0.0.0.7\n\n14-Oct-20\n\n4.7\n\n增加Can信号列表\n\nMao Changhong\n\n0.0.0.7\n\n14-Oct-20\n\n4.8.1\n\n补充相关标定项\n\nMao Changhong\n\n0.0.0.7\n\n14-Oct-20\n\n4.9.4.3\n\n更新ADAS Map数据更新机制的需求\n\nMao Changhong\n\n0.0.0.7\n\n14-Oct-20\n\n4.9.4.5\n\n增加ADAS Map预置需求\n\nMao Changhong\n\n0.0.0.7\n\n14-Oct-20\n\n4.9.4.6\n\n增加ADAS Map使用需求\n\nMao Changhong\n\n0.0.0.7\n\n14-Oct-20\n\n4.9.7.4\n\n删除LBS系统恢复默认设置\n\nMao Changhong\n\n0.0.0.7\n\n14-Oct-20\n\n4.9.8\n\n增加系统硬盘空间占用的需求\n\nMao Changhong\n\n0.0.0.7\n\n14-Oct-20\n\n5.1\n\n增加简易诱导信息附录\n\nMao Changhong\n\n0.0.0.7\n\n14-Oct-20\n\n5.2\n\n增加辅助诱导信息-摄像头信息附录\n\nMao Changhong\n\n0.0.0.7', 'HD时序图\n\n具体的HD Map下单激活时序图参考如下：\n\n\n\nHD Map下单激活时序图\n\n系统需求\n\n（定义系统性的需求及外部调用支持等相关内容）\n\n账号相关\n\n（是否使用系统账号，是否有独立账号，是否账号打通，账号登录推出功能情况说明等）\n\nLBS系统整合了导航、位置共享、路书等服务，有的服务需要依赖CP的账户，LBS系统将会包含CP账户和SGM的账户。CP账户需要支持与SGM的账户绑定以及同步登录的功能。\n\n位置共享账户[Delete]\n\n位置共享服务使用的是SGM的账户。\n\n位置共享账户的绑定[Delete]\n\n位置共享账户即为SGM的账户，不需要进行绑定。\n\n位置共享账户的登录[Delete]\n\n位置共享账户是SGM账户，娱乐系统登录的SGM账户时，位置共享的账户也同步登录。\n\n位置共享账户不需要进行独立登录，但是LBS系统支持开启位置共享服务，开启位置共享服务参考XXXX。\n\n位置共享账户的退出登录[Delete]\n\n位置共享账户是SGM账户，不需要独立退出登录，但是LBS系统支持关闭位置共享服务，关闭位置共享服务参考XXXXX。\n\n位置共享账户的解绑[Delete]\n\n位置共享账户即为SGM的账户，不支持解绑。\n\nNAVI_ACCOUNT\n\nLBS系统中的NAVI_ACCOUNT使用的是SDK供应商的账户体系，并借助SDK供应商的手机端应用，实现“最后一公里”、“Destination Send2Car”等功能。\n\nNAVI_ACCOUNT的管理\n\n当用户使用依赖地图账户的应用时，如用户未登入账号则需要弹出账号登入界面。具体界面交互以准。\n\nNAVI_ACCOUNT的绑定', '""sid"":""sid"", \xa0 \xa0 \xa0 \xa0 \xa0 \xa0 \xa0 \xa0 \xa0 \xa0 \xa0 \xa0 \xa0 \xa0 \xa0 \xa0 // 数据模板 ID （传入）\n \xa0 \xa0 \xa0 \xa0 \xa0 \xa0 \xa0 \xa0""svid"":""svid"", \xa0 \xa0 \xa0 \xa0 \xa0 \xa0 \xa0 \xa0 \xa0 \xa0 \xa0 \xa0 \xa0 \xa0 \xa0 // 数据模板版本 ID （传\n入）\n \xa0 \xa0 \xa0 \xa0 \xa0 \xa0 \xa0 \xa0""did"":""H4sIAAAAAAAAAHM0MgAAOFqwRQMAAAA="", \xa0 \xa0 \xa0 // 设备 ID\n \xa0 \xa0 \xa0 \xa0 \xa0 \xa0 \xa0 \xa0 \xa0 \xa0 \xa0 \xa0 \xa0 \xa0 \xa0 \xa0 \xa0 \xa0 \xa0 \xa0 \xa0 \xa0 \xa0 \xa0 \xa0 \xa0 \xa0 \xa0 \xa0 \xa0 \xa0 \xa0// \xa0  统一服务： vin\n \xa0 \xa0 \xa0 \xa0 \xa0 \xa0 \xa0 \xa0 \xa0 \xa0 \xa0 \xa0 \xa0 \xa0 \xa0 \xa0 \xa0 \xa0 \xa0 \xa0 \xa0 \xa0 \xa0 \xa0 \xa0 \xa0 \xa0 \xa0 \xa0 \xa0 \xa0 \xa0 \xa0// \xa0  独立 APP ：\nSDK 采集的设备 id\n \xa0 \xa0 \xa0 \xa0 \xa0 \xa0 \xa0 \xa0""ts"": ""1591189249156"", \xa0 \xa0 \xa0 \xa0 \xa0 \xa0 \xa0 \xa0 \xa0 \xa0 \xa0 \xa0 \xa0// 数据采集时间戳\n（由 SDK 生成）\n \xa0 \xa0 \xa0 \xa0 \xa0 \xa0 \xa0 \xa0""d"":{\n \xa0 \xa0 \xa0 \xa0 \xa0 \xa0 \xa0 \xa0 \xa0 \xa0""G1"":""Android"",\n \xa0 \xa0 \xa0 \xa0 \xa0 \xa0 \xa0 \xa0 \xa0 \xa0""G2"":""10"",\n \xa0 \xa0 \xa0 \xa0 \xa0 \xa0 \xa0 \xa0 \xa0 \xa0""G3"":""1.0.0"",']",根据提供的上下文，没有明确说明如果 SD Map 在订阅之前发布数据，系统行为是什么。,Bus 会缓存数据；当 Map Service 完成订阅后会收到缓存；是否立即透传需与高德确认。,0.0,0.0,0.5,0.0,0.5975580998092708
LBS 系统支持哪几种昼夜模式？,"['昼夜模式设置\n\nLBS系统支持系统的昼夜模式进行设置：\n\nFollow系统的昼夜模式；\n\nLBS系统的昼夜模式需要支持白天模式；\n\nLBS系统的昼夜模式需要支持黑夜模式；\n\n个性化车标\n\nLBS系统支持用户设置个性化车标，个性化车标需要支持以下类型：\n\nLBS系统需要支持用户选择系统默认车标；\n\nLBS系统需要支持用户选择车速车标，使用仪表车速显示；\n\nLBS系统需要支持用户选择品牌车标，品牌车标支持别克、凯迪拉克、雪佛兰\n\nLBS系统需要支持用户选择等级车标；[MY TBD]\n\nLBS系统需要在彩蛋模式激活后支持用户选择彩蛋模式CVP图标，彩蛋模式对导航的需求请参考《PIS-2010_EasterEggs》；\n\n收藏点标注开关\n\nLBS系统需要支持用户设置收藏点标注的开关，收藏点标注开关开启的状态下，支持在任意比例尺下显示收藏点的标注。\n\n收藏点标注，收藏点包含家与公司。\n\n音量控制\n\nLBS系统需要支持车机系统相关音量的控制。导航音量控制由系统能力生效，在导航设置中不再设定音量调节的界面。\n\n一键加/减音量[Delete]\n\nLBS系统设置中，需要支持用户调节LBS系统的音量（导航播报音和电子导游音量保持同步）。【方案二，电子导游使用的音量与Media音量相同】\n\n\tLBS系统中，一键音量加/减的最小变化单位是5%，具体请参考《PIS-2022_AudioArbitration》；\n\n\t导航“叮咚音”不支持调节音量，其音量大小通过标定确认，标定请参考<相关标定>\n\n音量调节反馈[Delete]\n\nLBS系统设置中，如果用户调节了音量，系统需要及时反馈用户当前设置的音量。\n\n静音操作\n\n静音开启时，LBS的导航播报和电子导游都会被静音，LBS系统中支持多种方式进入静音状态：\n\nLBS系统设置中在导航或巡航状态时，支持用户一键静音；', 'HD时序图\n\n具体的HD Map下单激活时序图参考如下：\n\n\n\nHD Map下单激活时序图\n\n系统需求\n\n（定义系统性的需求及外部调用支持等相关内容）\n\n账号相关\n\n（是否使用系统账号，是否有独立账号，是否账号打通，账号登录推出功能情况说明等）\n\nLBS系统整合了导航、位置共享、路书等服务，有的服务需要依赖CP的账户，LBS系统将会包含CP账户和SGM的账户。CP账户需要支持与SGM的账户绑定以及同步登录的功能。\n\n位置共享账户[Delete]\n\n位置共享服务使用的是SGM的账户。\n\n位置共享账户的绑定[Delete]\n\n位置共享账户即为SGM的账户，不需要进行绑定。\n\n位置共享账户的登录[Delete]\n\n位置共享账户是SGM账户，娱乐系统登录的SGM账户时，位置共享的账户也同步登录。\n\n位置共享账户不需要进行独立登录，但是LBS系统支持开启位置共享服务，开启位置共享服务参考XXXX。\n\n位置共享账户的退出登录[Delete]\n\n位置共享账户是SGM账户，不需要独立退出登录，但是LBS系统支持关闭位置共享服务，关闭位置共享服务参考XXXXX。\n\n位置共享账户的解绑[Delete]\n\n位置共享账户即为SGM的账户，不支持解绑。\n\nNAVI_ACCOUNT\n\nLBS系统中的NAVI_ACCOUNT使用的是SDK供应商的账户体系，并借助SDK供应商的手机端应用，实现“最后一公里”、“Destination Send2Car”等功能。\n\nNAVI_ACCOUNT的管理\n\n当用户使用依赖地图账户的应用时，如用户未登入账号则需要弹出账号登入界面。具体界面交互以准。\n\nNAVI_ACCOUNT的绑定', '沿途重点景区介绍[MY TBD]\n\nLBS系统支持用户设置开启和关闭沿途终点景区的播报功能。 \n\n默认设置：沿途重点景区介绍开关默认为开启。\n\n一键恢复默认设置\n\nLBS系统支持用户一键恢复默认设置。\n\n通勤模式\n\n当用户在设定的通勤时间内上车时，LBS系统需支持根据用户设置的家和公司地址，自动触发导航到公司或家。\n\n该通勤模式功能默认打开。当用户连续两次取消通勤模式时，LBS系统需支持弹出弹窗，询问用户是否要取消通勤模式，若用户点击取消，则联动设置项，关闭通勤模式。\n\n通勤模式的默认上班时间为5：00~12：00，默认下班时间为17：00~00：00，需支持提供界面给用户设置上班时间和下班时间。\n\nLBS系统需提供通勤简化播报设置项，允许用户设置在通勤导航时，自动切换成简洁播报。该设置项默认打开，若用户更改设置，需记忆设置状态并在后续点火周期生效。\n\n\n\n非桌面地图场景下，以通勤卡片显示，分三种情况显示不同的文言信息：\n\n  1. 正常时间回家\n\n  2. 今日较为拥堵，回家时间延迟\n\n  3. 今日路况顺畅，可提早到家\n\n外部调用\n\n（是否支持外部应用调用，三屏同步需要写，其他可选）\n\nLBS系统支持为娱乐系统相关调用、查询服务、信息透出服务，支持为导航功能的三屏交互。\n\n所有支持外部应用调用的功能，需要支持其他应用的随时调用，存在娱乐系统开机自启动的要求。\n\n外部应用查询服务\n\nLBS系统需要支持为娱乐系统其他的应用和服务提供LBS的查询服务。\n\n当前位置查询[LBS系统内展示]\n\nLBS系统支持为娱乐系统其他应用提供当前位置查询的服务；\n\n第三方需要传入的数据： N/A；\n\nLBS系统支持输出的数据：N/A，支持在LBS应用内进行展示；\n\n当前位置查询[LBS系统信息透出]\n\nLBS系统支持为娱乐系统其他应用提供当前位置查询的服务；', 'LBS定位系统\n\nLBS系统需要支持定位服务，支持GNSS定位和航位推算(DR)，需要支持平行路切换和高架识别等。\n\nLBS系统的定位方案\n\nLBS系统需要支持三种定位方案，即前端融合、后端融合、前后端混合融合（前端融合+IMU融合）。具体的需求请参考《PIS-1209 Standard Location Requirements》。\n\n前端融合定位方案\n\nLBS系统需要支持前端融合定位方案，前端融合定位方案中，LBS系统接收处理后的定位数据。\n\n后端融合定位方案\n\nLBS系统需要支持后端融合定位方案，后端融合定位方案中，LBS系统需要处理原始GNSS数据和IMU原始数据完成定位数据融合，并输出定位数据。\n\n前后端混合融合方案\n\nLBS系统需要支持前后端混合融合定位方案，前后端混合融合定位方案中，LBS系统需要接收T-Box融合后的定位数据结合IMU原始数据进行再次融合，并输出最后的定位数据。\n\n卫星定位\n\n卫星定位系统\n\nLBS系统需要支持多种卫星定位系统，卫星定位需要支持GPS/ 北斗/ GLONASS等卫星定位系统。\n\n卫星定位信息\n\nLBS系统需要获取详细的卫星定位信息，相关参数如下：\n\n卫星系统，每颗卫星对应的卫星系统\n\n卫星颗数，搜索到的卫星颗数\n\n信号强度，每颗卫星对应的信号强度\n\n卫星定位状态\n\nLBS系统需要支持根据实际的收星状态，计算当前卫星定位系统定位状态，计算频率0.1Hz要求至少3分钟刷新一次，定位精度需要划分4个等级：\n\n卫星定位无效，对应的精度范围，定位误差 > xxxm\n\n卫星定位精度低，对应的精度范围，xxxm < 定位误差 < xxxm\n\n卫星定位精度中，对应的精度范围，xxxm < 定位误差 < xxxm\n\n卫星定位精度高，对应的精度范围，定位误差< xxxm\n\n卫星定位无效：校准卫星数 [0,0];']","根据提供的上下文，LBS系统支持以下三种昼夜模式：

1. Follow系统的昼夜模式
2. 白天模式
3. 黑夜模式",支持跟随系统昼夜模式、强制白天模式、强制黑夜模式。,0.9999999999,1.0,1.0,,0.7369428980522497
家/公司引导设置在什么条件下会触发？,"['请求预测信息的频率：一个自然天只请求一次；\n\n家与公司设置诱导“弹条”\n\n用户未设置家和公司时，LBS系统会根据从后台获取的家和公司信息，引导用户进行家与公司的设定，引导用户设置家和公司，需要满足以下条件：\n\n节假日判断，通勤弹条只在工作日显示，节假日不弹出；\n\n在通勤时段内：上班时间段(6:00 ~ 10:00)、下班时段(17:00 ~ 24:00)；\n\n具体显示设定以UE文档为准。\n\n“弹条”属性：信息类，支持Time Out(具体参考交互设计)，支持查看详情，支持手动关闭，优先级TBD；\n\n查看详情后支持用户“确定”和“修改”操作，“确定”-即将预测地址设置为家/公司，“修改”-进入家与公司的设置，具体参考< 3.4.2.1 设置家与公司 >；\n\n回家/去公司提示\n\n用户界面需要有回家和去公司的提示，具体的显示设定以UE文档为准。将由娱乐系统的场景引擎触发，具体请参考《PIS-2060_Scenario Engine》。\n\n场景引擎触发去公司或回家场景后，当前地图无导航任务，地图自动发起回家或去公司的探路导航，默认静音。如果用户通过语音交互确认发起导航，则开启回家或去公司的普通导航。当前地图存在导航任务，则通勤场景触发的探路导航不允许打断当前导航。\n\n收藏夹同步\n\nLBS客户端和地图供应商的后台同步，LBS系统支持收藏夹的云端同步功能。\n\n自动同步策略\n\n供应商需要提供云端自动同步的策略，并交由PATAC进行审核。\n\n本地收藏夹发生变化后，自动向服务器发送同步请求；打开收藏夹时向服务器请求更新收藏夹。\n\n手动同步[Delete]\n\n\tLBS系统需要支持用户手动同步收藏夹信息。\n\n手动同步异常提示[Delete]\n\n\t账户未登录状态下，需要提示用户登录NAVI_ACCOUNT账户，或者账户未登录状态下不支持用户手动同步云端收藏夹信息。', '// 注意：如果要把初始化与设置 vin/basicAuth 等操作写在一起\n \xa0 \xa0 \xa0 \xa0// 应在初始化  startWithConfigOptions() 之后再调用这些方法\n \xa0  }\n}\n// 初始化不定义告警模式，默认 NONE 数据都发送\nconfigOptions.alarm(BuriedPointModeEnum.UNIFIED_SERVICE);\nI/SA.AnalyticsMessages: 已设置埋点模式为【统一服务】', '应用内设置\n\n（针对应用本身的设置项，如网络开关等，可选项）\n\n\t本章节描述的时LBS系统支持的设置全集，不同工作模式下支持的快捷操作，请参考对应的工作模式。\n\n路线偏好设置\n\n为满足不同用户的需求，LBS系统提供不同的路线规划策略，智能推荐、时间优先、躲避拥堵、避免收费、不走高速、高速优先、Super Cruise优先。\n\n路线偏好设置详细请参考<路线偏好>。\n\n避开限行开关\n\nLBS系统支持用户在设置中开启和关闭避开限行功能。避开限行功能详细定义请参考<3.5.7.1 限行信息服务>。\n\n避开限行前置条件\n\nLBS系统的避开限行功能有两一个前置条件：\n\n避开限行功能的前置条件，需要用户设置了车牌号；\n\n避开限行功能的前置条件，需要LBS系统联网。\n\n\n\n避开限行功能前置条件不满足处理：\n\n联网，但未设置车牌号，需要提示和引导用户设置车牌号；\n\n未联网，但已经设置车牌号，需要提示用户，当前无网络，避开限行功能不可用；\n\n未联网，未设置车牌号，需要提示和引导用户联网后设置车牌号，以规避限行。\n\n避开限行账户相关\n\nLBS系统的避开限行功能开关状态不支持同步。\n\n车牌号码设置\n\nLBS系统需要为用户提供快捷方便的车牌号设置。\n\n1）支持小型汽油车车牌设置，蓝牌，7位，中文+英文+数字，例：沪ABC666\n\n2）支持小型新能源车车牌设置，绿牌，8位，中文+英文+数字，例：沪ADC6666\n\n省份简称选择\n\nLBS系统的车牌设置中，需要为用户提供快捷的省份选择功能。\n\n默认省份/直辖市简称\n\nLBS系统中，车牌设置中对应的默认省份/直辖市应根据车辆定位，显示车辆当前位置所在省份/直辖市对应的简称。\n\n如果当前车辆没有定位信息，则以‘沪’作为默认区域1简称。\n\n车牌号码字符规范\n\n车牌号码设置中，只允许用户输入英文字符和数字。\n\n英文字符自动变换', '5.1\n\n增加简易诱导信息附录\n\nMao Changhong\n\n0.0.0.7\n\n14-Oct-20\n\n5.2\n\n增加辅助诱导信息-摄像头信息附录\n\nMao Changhong\n\n0.0.0.7\n\n14-Oct-20\n\n5.3\n\n增加辅助诱导信息–安全信息附录\n\nMao Changhong\n\n0.0.0.7\n\n14-Oct-20\n\n5.4\n\n增加周边搜可支持分类附录\n\nMao Changhong\n\n0.0.0.7\n\n14-Oct-20\n\n5.5\n\n增加路线标签列表附录\n\nMao Changhong\n\n0.0.0.7\n\n14-Oct-20\n\n5.6\n\n增加自动比例尺层级对应关系附录\n\nMao Changhong\n\n0.0.0.6\n\n12-June-20\n\n3.25\n\n增加硬按键触发上一条引导播报需求；\n\nMao Changhong\n\n0.0.0.5\n\n18-Mar-20\n\n3.1.8\n\nCR#13498; 补充车道级定位功能，将原本车道级导航的需求中对车道级定位功能的要求进行强调；\n\nChen Deliao\n\n0.0.0.5\n\n18-Mar-20\n\n3.2.11.1.1\n\nCR#13498; 需改b)中的文字错误，“高德”修正为“高度”；\n\nChen Deliao\n\n0.0.0.5\n\n18-Mar-20\n\n3.22.1.6\n\nCR#13498; 补充基于导航的自动驾驶功能对应的CAN信号信息；\n\nChen Deliao\n\n0.0.0.5\n\n18-Mar-20\n\n3.23.2\n\nCR#13498; 补充故障车辆显示逻辑中对应的CAN信号信息；\n\nChen Deliao\n\n0.0.0.5\n\n18-Mar-20\n\n3.24\n\nCR#13498; 包含2.24.1~2.24.4章节，新增道路限速信息仲裁功能，对应的信号要求；仲裁逻辑TBD；\n\nChen Deliao']","根据提供的上下文，家/公司引导设置（通勤弹条）会在以下条件下触发：

1. **用户未设置家和公司**：当用户没有设置家和公司地址时
2. **时间条件**：
   - 只在工作日显示，节假日不弹出
   - 在通勤时段内：上班时间段（6:00 ~ 10:00）、下班时段（17:00 ~ 24:00）

此外，系统会根据从后台获取的家和公司信息来引导用户进行设置，具体的显示设定以UE文档为准。",用户未设置家/公司；非节假日；并且处于通勤时间（6-10 点、17-24 点）。,0.9999999999,1.0,1.0,0.5010614499869336,0.55874378029682
BL 引擎日志可以通过哪些方式导出？,"['报AI灵图bug 日志要求&手顺1.0\n\n相关信息开启与抓取手顺\n\n1、灵图日志开启手顺（默认关闭）\n\n打开地图 - 进入设置 - 进入其他 - 连续点击5次qq群 打开工程面板\n\n在工程面板中打开nav日志开关和高德日志开关(若实车测试，请在路测前打开定位开关）见图4  关闭工程面板\n\n注：刷机后， 请重新设置下； \n\n\n\n\n\n\n\n\n\n\n\n\n\n\n\n\n\n2、灵图日志导出手顺\n\n2.1、地图日志\n\n地图日志提供取的gmlogger即可\n\n2.2、引擎BL日志\n\n引擎日志导出方式分为2种\n\n需要将bllog整个文件夹全部压缩上传\n\na、BL日志需要通过adb命令获取： adb pull /mnt/user/10/emulated/10/Android/data/com.sgm.navi.hmi/files/AutoMap/Gbl/bllog/\n\nb、U盘拷贝，手顺参考下方说明\n\n打开地图 - 进入设置 - 进入其他 - 连续点击5次qq群 打开工程面板\n\n\n\n\n\n\n\n\n\n插上FAT32格式的U盘后点击复制高德日志到U盘\n\n会复制/storage/emulated/0/Android/data/com.sgm.navi.hmi/files/AutoMap/Gbl/bllog\n\n在U盘根目录自动创建例如bllog20250630_142020等带时间的文件夹\n\n注意：复制信息或者出错信息会显示在下面的复制信息文本上，等待出现复制完成后即可，\n\n如果中途出错查看出错信息。如果文件较大，耐心等待。复制时不可关闭此页面，关闭会导致复制终止。\n\n导航相关问题需提供上面2.1、2.2中的所有日志\n\n\n\n3、窗口dump信息\n\n命令：adb shell dumpsys window \n\n信息可以文本格式存储，贴bug上\n\n\n\n4、系统cpu&内存', 'E=N*1.0\n\nTraffic Signal Green Wave Minimum Value_ADM\n\nE=N*1.0\n\n混动优化的导航和NOP信息透出\n\n对于PHEV混动项目，需基于导航信息提前预知拥堵，提升电平衡点，在拥堵/低车速尽量维持纯电行驶，所以LBS系统需要支持车机启动后，主动透出道路状态至CAN总线供PS系统使用，道路状态信息需要包含以下信息：\n\n详细的信号信息请参考< 4.3.2 CAN信号透出列表>。\n\n发送方\n\n接收方\n\n信号名\n\n转换\n\n备注\n\nVCU\n\nFirewall\n\nRoad Condition Group\n\nN/A\n\n\n\nVCU\n\nFirewall\n\nRoad Condition Group : Length of Dynamic Information Array Of Navigation Route\n\nE=N*1.0\n\n导航路段信息数组长度\n\nVCU\n\nFirewall\n\nRoad Condition Group : Index of Dynamic Information Array Of Navigation Route\n\nE=N*1.0\n\n导航路段信息索引号\n\nVCU\n\nFirewall\n\nRoad Condition Group : Estimated Distance Corresponding To Index of Dynamic Information Array\n\nE=N*1.0\n\n对应索引号的预估路段长度\n\n当超过65535m时，需要分为多段发送\n\nVCU\n\nFirewall\n\nRoad Condition Group : Estimated Time Corresponding To Index of Dynamic Information Array\n\nE=N*1.0\n\n通过路段的预估时长\n\nVCU', '点击图片可查看完整电子表格\n\n4.18 轻导航状态\n\n\n\n点击图片可查看完整电子表格\n\n4.19 NOP导航状态\n\n\n\n点击图片可查看完整电子表格\n\n4.20 路况数据\n\n\n\n点击图片可查看完整电子表格\n\n4.21 导航中车标位置\n\n\n\n点击图片可查看完整电子表格\n\n4.22 诱导面板状态信息\n\n\n\n点击图片可查看完整电子表格\n\n4.23 放大图信息(HUD专用)\n\n\n\n点击图片可查看完整电子表格\n\n4.24 当前地图导航模式\n\n\n\n点击图片可查看完整电子表格\n\n4.25 anp路段下个路段信息\n\n\n\n点击图片可查看完整电子表格\n\n4.26 导航目的地\n\n\n\n点击图片可查看完整电子表格\n\n4.27 导航中目的地变更\n\n\n\n点击图片可查看完整电子表格\n\n4.28 导航中自车位置\n\n\n\n点击图片可查看完整电子表格\n\n4.29 低电量周边充电站POI透出(最近5个)\n\n\n\n点击图片可查看完整电子表格\n\n4.30 端导停功周边停车场POI透出(最近5个)\n\n\n\n点击图片可查看完整电子表格\n\n4.31 高速服务区POI透出(最近5个)\n\n\n\n点击图片可查看完整电子表格\n\n4.32 路口放大图的标识位\n\n\n\n点击图片可查看完整电子表格\n\n4.33 新增低油量,加油站poi数据\n\n\n\n点击图片可查看完整电子表格\n\nGasStationInfo的关键字段解释：\n\n\n\n点击图片可查看完整电子表格\n\n4.34 新增红路灯数据\n\n\n\n点击图片可查看完整电子表格\n\nTrafficLightInfo的关键字段解释：\n\n\n\n点击图片可查看完整电子表格\n\n\n\n五、SDK部分字段补充说明\n\n5.1、Location类的type字段取值含义\n\n类型定义\n\n值\n\n描述\n\nLOCATION_TYPE_INVALID\n\n-1\n\n无效定位\n\nLOCATION_TYPE_GPS\n\n0\n\n卫星定位', '若用户一年内对某一POI发起导航大于等于2次小于5次，则将其导航时间的平均值作为预测发起导航时间段，其前后两小时为预测时间段，其发起导航的星期X为预测发起导航的时间周期，当下次用户发起导航在预测时间周期中的预测时间段，则触发常去目的地提醒；\n\n用户点击回家或去公司后，自动进入通勤模式并选择第一条路线作为路线引导，选择其他常去目的地则进入路径规划模式。\n\n常去地点管理[Delete]\n\nLBS服务支持用户删除常去目的地，删除后重新从0累加导航次数，若满足常去目的地判断规则，则可再次被列入常去目的地清单；\n\nLBS对常用目的地设置有黑名单，其中某些特殊的地点不进行推送，如下：\n\n酒店类地点\n\n洗浴类地点\n\n关键字包括：酒店、饭店宾馆、洗浴、按摩、养生、SPA、足道、会所、良子等\n\n常去地点排序[Delete]\n\n常去目的地最多展示三条，其展示优先级为：家和公司>历史导航次数 > 当前时间点对于其时间点正态分布的概率值 > 方差小（若还是有并列关系的目的地，则随机取）。\n\n替换逻辑[Delete]\n\nTBD\n\n基于高德SDK 750的搜索\n\n顺路搜[在线]\n\n关键字搜索\n\n支持搜索框输入关键字进行沿途结果的搜索，部分搜索词会下发筛选器。\n\n1）泛搜：仅展示路线周围结果\n\n2）精搜：支持非路线周围结果\n\n品类搜索（类型）\n\n顺路搜可选择类型，类似周边类型搜（充电、美食、加油等类型），其中服务区、途径路和天气从算路接口获取，展示条件同算路展示相同。仅展示路线周围结果，属于泛搜\n\nID搜索\n\n顺路搜可选择历史POI、历史搜索名称等ID发起搜索，属于精搜。\n\n顺路搜场景优化\n\n高快速场景下：公版搜索结果，所有POI类别搜索，都只保留同向POI信息，对向不显示\n城市路场景下：在有路线的情况下，支持区分同向和对向信息\n\n搜索引擎升级\n\nV2搜索引擎']","根据提供的上下文，BL引擎日志可以通过以下两种方式导出：

1. **通过adb命令获取**：
   - 执行命令：`adb pull /mnt/user/10/emulated/10/Android/data/com.sgm.navi.hmi/files/AutoMap/Gbl/bllog/`

2. **通过U盘拷贝**：
   - 打开地图 → 进入设置 → 进入其他 → 连续点击5次qq群打开工程面板
   - 插上FAT32格式的U盘后点击""复制高德日志到U盘""
   - 系统会自动将`/storage/emulated/0/Android/data/com.sgm.navi.hmi/files/AutoMap/Gbl/bllog`复制到U盘根目录，并创建带时间的文件夹（如bllog20250630_142020）

无论使用哪种方式，都需要将整个bllog文件夹全部压缩上传。",可使用 adb pull 导出；或通过工程面板将日志复制到 U 盘。,0.9999999999,1.0,,,0.5313891519121587
定位类问题通常需要抓取哪些类型的日志？,"['报AI灵图bug 日志要求&手顺1.0\n\n相关信息开启与抓取手顺\n\n1、灵图日志开启手顺（默认关闭）\n\n打开地图 - 进入设置 - 进入其他 - 连续点击5次qq群 打开工程面板\n\n在工程面板中打开nav日志开关和高德日志开关(若实车测试，请在路测前打开定位开关）见图4  关闭工程面板\n\n注：刷机后， 请重新设置下； \n\n\n\n\n\n\n\n\n\n\n\n\n\n\n\n\n\n2、灵图日志导出手顺\n\n2.1、地图日志\n\n地图日志提供取的gmlogger即可\n\n2.2、引擎BL日志\n\n引擎日志导出方式分为2种\n\n需要将bllog整个文件夹全部压缩上传\n\na、BL日志需要通过adb命令获取： adb pull /mnt/user/10/emulated/10/Android/data/com.sgm.navi.hmi/files/AutoMap/Gbl/bllog/\n\nb、U盘拷贝，手顺参考下方说明\n\n打开地图 - 进入设置 - 进入其他 - 连续点击5次qq群 打开工程面板\n\n\n\n\n\n\n\n\n\n插上FAT32格式的U盘后点击复制高德日志到U盘\n\n会复制/storage/emulated/0/Android/data/com.sgm.navi.hmi/files/AutoMap/Gbl/bllog\n\n在U盘根目录自动创建例如bllog20250630_142020等带时间的文件夹\n\n注意：复制信息或者出错信息会显示在下面的复制信息文本上，等待出现复制完成后即可，\n\n如果中途出错查看出错信息。如果文件较大，耐心等待。复制时不可关闭此页面，关闭会导致复制终止。\n\n导航相关问题需提供上面2.1、2.2中的所有日志\n\n\n\n3、窗口dump信息\n\n命令：adb shell dumpsys window \n\n信息可以文本格式存储，贴bug上\n\n\n\n4、系统cpu&内存', '19\n\n摄像头-闯绿灯\n\n \n\n5.6、TurnInfo类的turnKind字段取值含义\n\n类型定义\n\n值\n\n描述\n\nBMA_TURN_KIND_INVALID\n\n0\n\n无效值\n\nBMA_TURN_KIND_FRONT\n\n1\n\n直行\n\nBMA_TURN_KIND_RIGHT_FRONT\n\n2\n\n右前方转弯\n\nBMA_TURN_KIND_RIGHT\n\n3\n\n右转\n\nBMA_TURN_KIND_RIGHT_BACK\n\n4\n\n右后方转弯\n\nBMA_TURN_KIND_BACK\n\n5\n\n掉头\n\nBMA_TURN_KIND_LEFT_BACK\n\n6\n\n左后方转弯\n\nBMA_TURN_KIND_LEFT\n\n7\n\n左转\n\nBMA_TURN_KIND_LEFT_FRONT\n\n8\n\n左前方转弯\n\nBMA_TURN_KIND_RING\n\n9\n\n环岛\n\nBMA_TURN_KIND_RING_OUT\n\n10\n\n环岛出口\n\nBMA_TURN_KIND_LEFT_SIDE\n\n11\n\n普通/JCT/SAPA二分歧靠左\n\nBMA_TURN_KIND_RIGHT_SIDE\n\n12\n\n普通/JCT/SAPA二分歧靠右\n\nBMA_TURN_KIND_LEFT_SIDE_MAIN\n\n13\n\n左侧走本线\n\nBMA_TURN_KIND_BRANCH_LEFT_MAIN\n\n14\n\n靠最左走本线\n\nBMA_TURN_KIND_RIGHT_SIDE_MAIN\n\n15\n\n右侧走本线\n\nBMA_TURN_KIND_BRANCH_RIGHT_MAIN\n\n16\n\n靠最右走本线\n\nBMA_TURN_KIND_CENTER_MAIN\n\n17\n\n中间走本线\n\nBMA_TURN_KIND_LEFT_SIDE_IC\n\n18\n\nIC二分歧左侧走IC\n\nBMA_TURN_KIND_RIGHT_SIDE_IC\n\n19\n\nIC二分歧右侧走IC', '属性名 是否每种事件都带有说明 编\n号\n是否为\nSDK 自\n动获取\nnetwork_type Y 网络类型，例如 4G G11 Y\ncur_screen\nN （在独立集成模式\n下：用户未在 activity\n调用则无）\n当前页面名称 G12 N\nevent_duration N （获取事件时长） 停留时长，单位为秒 G13 Y\napp_version Y APP 应用的版本 G14 N\ntrack_id Y 事件的标识 G15 Y\ntime Y 事件发生的实际时间戳，\n单位为毫秒 G16 Y\ntype Y 事件的类型，默认 track 追\n踪事件 G17 Y\nevent Y 事件名称 G18 N\nis_first_day Y 是否首日访问 G19 Y\nlib_method Y 埋点的触发方式（全埋\n点、自定义埋点） G20 Y\nlib_detail Y 触发埋点时的调用栈信息G21 Y\napp_id Y 应用 ID G22 N\nhardware_versionN （用户未设置则\n无） 硬件版本 G23 N\nchannel N （用户未设置则\n无）\n渠道，将在后续用来做渠\n道分布分析 G24 Y\nreferrer N （无） 上一个页面名称 G25 N\nflush_time Y 发送数据的时间戳，单位\n为毫秒 G26 Y\ntar_screen N （跳转页面） 目标页面名称，用于跳转\n页面 G27 N\ncur_activity\nN （在独立集成模式\n下：用户未在 activity\n调用则无）\n当前 activity 名称 G28 N\ntar_activity N （跳转页面） 目标 activity 名称 G29 N\ncur_fragment N （ Fragment 相关） 当前 fragment 名称（详情\n页 1 ） G30 N', '关键字纠错[在线]\n\n对输入有误的关键字进行纠错检索，例如，“泛娅”，能够搜索出泛亚汽车相关POI。\n\n一键删除输入内容\n\n一框搜索中，支持用户一键删除输入框中的所有内容。\n\n历史关键字搜索和历史目的地\n\n用户历史数据中包含历史关键字搜索和历史目的，LBS系统支持为用户提供记录、云端同步、历史信息展示等服务，为用户提供一些便捷操作。\n\n历史关键字搜索和历史目的地账户相关\n\n历史关键字搜索和历史目的地是跟随用户的NAVI_ACCOUNT账户的，支持账户信息的同步，具体请参考<4.1.2 NAVI_ACCOUNT>。\n\n账户登录时的历史关键字搜索和历史目的地\n\n账户登录时，历史关键字搜索与历史目的地需要与云端进行同步，移动端与车机端需要保持实时同步。\n\n账户未登录时的历史关键字搜索和历史目的地\n\n账户为登录时，历史关键字搜索与历史目的地保存在车机端，车机休眠后不需要清除。\n\n历史关键字搜索和历史目的地的排列规则\n\n历史关键字搜索和历史目的地信息，按照事件产生的时序进行排序，越晚进行的动作，排序越靠前。\n\n历史关键字搜索和历史目的地区分\n\nLBS系统应对历史关键字搜索和历史目的地进行区分，让用户能够快速识别出列表中的条目是历史目的地还是历史搜索记录。\n\n历史关键字搜索和历史目的地信息同步\n\nLBS系统支持同步云端的历史关键字搜索和历史目的地信息，具体请参考<NAVI_ACCOUNT历史数据同步>。\n\n历史关键字搜索\n\n历史关键字搜索信息是用户行为产生的历史数据，支持云端同步，用户可以通过历史搜索记录执行一些快捷操作。\n\n快捷重新搜索\n\nLBS系统支持用户通过点选历史关键字搜索快捷发起对应关键字的重新搜索。\n\n历史目的地\n\n历史目的地为用户在手机端或者车机端发起作为过目的地的历史数据，支持用户对历史目的信息进行以下快捷操作。']","根据提供的上下文，定位类问题通常需要抓取以下类型的日志：

1. **地图日志**：提供gmlogger即可
2. **引擎BL日志**：需要将bllog整个文件夹全部压缩上传
   - 可通过adb命令获取：`adb pull /mnt/user/10/emulated/10/Android/data/com.sgm.navi.hmi/files/AutoMap/Gbl/bllog/`
   - 或通过U盘拷贝方式获取

另外，在实车测试时，需要在路测前打开定位开关。

上下文明确指出：""导航相关问题需提供上面2.1、2.2中的所有日志""，即需要同时提供地图日志和引擎BL日志。",需要抓取 gmlogger、AutoMap/Gbl/bllog、GNSS/Location 系统日志（使用 setprop 设置为 V）、CAN Log。,0.9999999999,0.0,1.0,0.5236271451961623,0.44367065913691767
PatchType 在代码提交规范中有哪些取值？,"['代码提交流程和规范\n\n提交模版：需要把commit-msg和prepare-commit-msg 两个文件放到.git/hooks下\n\n\n\n代码提交message规范\n\n提交规则:\n\n提交代码时,遇到需要多个patch一起提交的情况,请使用topic标识,相同topic的patch,在gerrit上必须全部\n\nreview过,同一时间进行submit merge到分支内。\n\n如何通过message分类,统计问题\n\n分类统计借助于PatchType、PatchModule、PatchLevel进行统计。\n\n777562025年6月16日13:44\n\n关键字及说明\n\nRTC ID:\n\n【解释:任何提交,必须有ID】\n\nCOMMENT:\n\n【解释:这里只写RTC上的title】\n\nPatchType:\n\n【解释:提交类型,用于分类。包含Feature开发(Feature)、Bugfix(BBug)、性能调优(Performance)、代\n\n码重构(Refactoring)。其中""代码重构""适用于根据模块开发担当依据自已的经验上报架构组,进行评审后决定重\n\n构的情况。该情况会在RTC上创建一个重构的开发TASK。其中""性能调优""涉及到需要重构代码时,标注为""性能调\n\n优""】\n\nPatchModule:\n\n【解释:提交的模块,用于分类。根据开发的APPS进行分modulee分块,例如:Calendar。当一个仓库涉及到提交\n\n多个应用功能的代码时,例如audio(MyMedia),即会提交OnlineMusic,也会提交Tuner,这两个模块需要分\n\n别标注为,OnlineMusic和Tuner】\n\nPatchLevel:\n\n【解释:用于分类。标注Feature的优先级。或者提交Bugfix patch时提交问题严重程度】\n\nPatchLevel级别划分说明:', '参数 说明 示例\nString svid 数据模板版本 ID ***\nString properties\n（可选）\n包含自定义的 json 字符串\n用户自定义事件的数据类型会被转为 String\n注意：自定义属性的 key 以编号的形式写入， key 必须满\n足： ① 第一位是字母 G ， ② 第二至四位是  >=100 且  <=999\n的整数\n详细说明见：附 3 ：事件传输说明\nnew\nJSONObject()\n.put(""G222"",\n""123456"")\n.put(""G333"",\n""Hello"")\n.toString()\n返回值类型： void\n使用示例：  \n调试信息：\ntry {\n \xa0 \xa0JSONObject properties = new JSONObject();\n \xa0 \xa0properties.put(""G222"", ""123456""); \xa0 \xa0// 设置信息 ID\n \xa0 \xa0properties.put(""G333"", ""Hello!""); \xa0 \xa0// 设置信息内容\n \xa0 \xa0OASAPI.sharedInstance().trackExitPage(\n \xa0 \xa0 \xa0 \xa0""sid"",\n \xa0 \xa0 \xa0 \xa0""svid"",\n \xa0 \xa0 \xa0 \xa0properties.toString()\n \xa0  );\n} catch (JSONException e) {\n \xa0 \xa0e.printStackTrace();\n}\n{\n \xa0 \xa0""records"":[\n \xa0 \xa0 \xa0  {\n \xa0 \xa0 \xa0 \xa0 \xa0 \xa0""value"":{\n \xa0 \xa0 \xa0 \xa0 \xa0 \xa0 \xa0 \xa0""sid"":""sid"",\n \xa0 \xa0 \xa0 \xa0 \xa0 \xa0 \xa0 \xa0""svid"":""svid"",\n \xa0 \xa0 \xa0 \xa0 \xa0 \xa0 \xa0 \xa0""did"":""H4sIAAAAAAAAAHM0MgAAOFqwRQMAAAA="",', '© 2020 上汽通用汽车有限公司 未经授权，不得以任何形式使用本文档所包括的任何部分\n1 resultCode String Y 返回状态码\n2 message String Y 返回消息\n3 dataSet Object Y 返回结果\n3.1 preNum String Y 预约单号 \n编号 状态码 消息内容\n0 见 INFO4网关状态码-SGM\n1 0000 Success\n2 4001 The HTTP request parsing failed \n3 4002 The HTTP request method is incorrect\n4 4003 The HTTP request path is incorrect\n5 4004 The HTTP header parameter is missing\n6 4005 The content-type of the HTTP request is not supported\n7 4007 The xxxxxx service is abnormal\n8 4008 The third-party request service timed out\n9 4009 The response data of the xxxxx service is abnormal\n10 4011 The xxxx service returns an execution failure, message: xxxxx\n11 4012 The HTTP header parameter xxxx is missing\n1 9999 System error\n请求示例', '④  获取  \n方法：getSuperProperties\n参数：无\n返回值类型： JSONObject\n使用示例：\n打印设置后的 vin 及 hardwareVersion\n⑤  告警  \n如果这些特有属性没有设置或者不全，  则埋点数据发送失败，  提供日志告警。配置详情见：3. 设置告警\n模式\n// 假设用户在  setChannel 前要对  channel 进行加密\nString channel = ""channel"";\nString encodedChannel = OASAPI.sharedInstance().encryptData(channel, "" 密钥 "");\nOASAPI.sharedInstance().setChannel(encodedChannel);\n// 对  encodedChannel 解密\nString decodedChannel = OASAPI.sharedInstance().decryptData(encodedChannel, "" 密\n钥 "");\nJSONObject superProperties = OASAPI.sharedInstance().getSuperProperties();\nif (superProperties.has(""vin"")) {\n \xa0 \xa0try {\n \xa0 \xa0 \xa0 \xa0String vin = superProperties.getString(""vin"");\n \xa0 \xa0 \xa0 \xa0SALog.i(""MainActivity"", ""vin:"" + vin);\n \xa0  } catch (JSONException e) {\n \xa0 \xa0 \xa0 \xa0e.printStackTrace();\n \xa0  }\n}\nif (superProperties.has(""hardwareVersion"")) {']","根据提供的上下文，PatchType在代码提交规范中有以下取值：

- Feature（功能开发）
- Bugfix（Bug修复）
- Performance（性能调优）
- Refactoring（代码重构）

其中性能调优涉及到需要重构代码时标注为""性能调优""，代码重构适用于根据模块开发担当依据自己经验上报架构组，进行评审后决定重构的情况。",包括 Feature、Bugfix (BBug)、Performance、Refactoring。,0.9999999999,1.0,1.0,0.6751922225847634,
hmi_development_release2 分支允许合入哪些优先级的需求？,"['分⽀策略\x01\n⽬前代码分⽀策略：\n主线：hmi_development\x01，\x01⽆限制，\x01功能迭代演进能⼒\x01现阶段都可以进\x01\ncaidi\x01hf7:\x01hmi_development_hotfix7，\x01\x01每天同步主线全量代码\x01合⼊\x01\nnd\x01R2：hmi_development_release2，\x01只合⼊P1P2\x01\n557\x01R3：hmi_development_release3，\x01只合⼊P1P2\x01\nold\x01\nTS：feature\x01，\x01需求开发，代码合⼊没严格要求，不block编译就可以\x01\nTS：dev，\x01需要验证基本功能，确保主流程能⼒可⽤，版本⽆能⼒衰退\x01\nSGM：hmi_development\x01，\x01集成R5主线，\x01多⻋型开发线共线的，交付的是平台能⼒，确保能⼒提交\x01\n任何⻋型能⼒不能有衰退\nSGM：hotfix\x01线，\x01这个项⽬会根据交付的具体⻋型，拉出多个hotfix线，\x01要求fix\x01问题直接提交合⼊这\n个分⽀，\x01同时pick\x01合⼊dev开发主线\x01', '2）当出厂首次进入系统后，需要显示“首次大协议弹窗”（上图步骤⑵），弹窗中显示的协议条款如下：\n\n序号\n\n协议条款\n\n说明\n\n1\n\nSGM协议条款\n\n《上汽通用汽车用户条款》、《上汽通用汽车个人信息保护政策（车机版）》、《安吉星服务协议》、《安吉星个人信息保护政策》\n\n2\n\n百度服务协议条款\n\n《小度车载应用（上汽通用版）服务条款》、《小度车载应用（上汽通用版）隐私政策》\n\n3\n\n地图协议条款\n\na）当标定P_V2XMapDisplay_Func_Enable=0 ""BAIDU""时，显示：\n\n《百度地图汽车版服务条款》、《百度地图汽车版隐私政策》\n\nb）当标定P_V2XMapDisplay_Func_Enable=1 ""A_MAP""时，显示：\n\n《高德服务条款》、《高德隐私权政策》\n\n\n\n3）如果用户在车辆休眠之前对“首次大协议弹窗”进行了操作，则退出大协议弹窗（上图步骤⑶），并将“首次大协议弹窗”状态标记为False；\n\n4）如果用户在车辆休眠之前对“首次大协议弹窗”未做任何操作，则将“首次大协议弹窗”状态标记为True；\n\n5）当系统从休眠后，再次进入系统（上图步骤⑺），需要判断“首次大协议弹窗”状态：\n\n如果大协议弹窗状态为True，则回到步骤⑵，继续显示“首次大协议弹窗”，并继续执行⑵之后的流程；\n\n如果大协议弹窗状态为False，则不再显示“首次大协议弹窗”（上图步骤⑻）。\n\n\n\n协议选择：\n\n6）在“首次大协议弹窗”中，用户可以同意全部或者部分协议条款，其中SGM协议条款是必选项，如下是四种选择组合：\n\n序号\n\n选择组合\n\n协议同意后状态\n\n1\n\nSGM协议条款\n\nSGM协议条款授权状态 = Agree\n\n百度服务协议条款授权状态 = Disagree\n\n地图协议条款授权状态 = Disagree\n\n2\n\nSGM协议条款 + 百度服务协议条款', 'Func Spec – PIS2114: Data Security RequirementVersion 0.0.1.1\n\n\n\n\n\nSpec Tracking Number: PIS2114\n\n\n\nData Security Requirement\n\nDocument Owner\n\nThis specification is owned by:\n\nZheng Pan\n\nInfotainment Group, ELEC, PATAC\n\n+86 21 50165294\n\npan_zheng@patac.com.cn\n\n\n\n\n目录\n\n\t1 需求概述\t4\n\n\t1.1 背景价值\t4\n\n\t1.2 名词解释\t4\n\n\t1.3 功能全景\t5\n\n\t2 需求列表\t6\n\n\t3 需求描述\t6\n\n\t3.1 数据安全大协议授权\t6\n\n\t3.1.1 授权弹窗\t7\n\n\t3.1.2 授权状态\t8\n\n\t3.1.3 常驻显示\t9\n\n\t3.2 敏感信息授权\t9\n\n\t3.2.1 授权弹窗\t10\n\n\t3.2.2 授权设置项\t10\n\n\t3.2.3 授权状态\t11\n\n\t3.2.4 敏感信息持续收集过程显示\t12\n\n\t3.3 车内数据收集硬件权限\t13\n\n\t3.3.1 授权弹窗\t13\n\n\t3.3.2 授权状态\t13\n\n\t3.4 图像匿名化要求\t14\n\n\t4 系统需求\t14\n\n\t4.1 开机时序相关\t14\n\n\t4.2 账号相关\t14\n\n\t4.3 开机自启动功能/应用要求\t14\n\n\t4.4 弹窗显示策略\t14\n\n\t4.5 弹窗控制策略\t15\n\n\t4.6 APU相关\t15\n\n\t4.7 相关标定\t17\n\n\t4.8 系统更新需求\t17\n\n\t4.8.1 OTA更新\t17\n\n\t4.8.2 USB更新\t18\n\n\t4.9 数据埋点需求\t18\n\n\t5 附录\t18\n\n\tReference\t19\n\n\tRevision Log\t20', '相关标定名称：\n\nSLOPE_UP_COSTLIST；\n\nSLOPE_DOWN_COSTLIST；\n\nTRANS_ACCESS_COSTLIST；\n\nTRANS_DECESS_COSTLIST；\n\nSPEED_COSTLIST；\n\nAUX_COSTLIST；\n\nVEHICLE_WEIGHT；\n\nLBS系统标定表\n\nLBS系统标定表请参考下表：\n\n\n\n其他需求\n\n本章节补充其他的要求。\n\nTTS(Text to Speech)播报\n\nLBS系统使用娱乐系统的TTS(Text to Speech)进行导航播报，娱乐系统的TTS需要对LBS系统的播报进行特别优化，在导航播报时有更甜美平顺的语调。\n\n地图数据范围\n\n地图数据要支持中国全境的展示和导航，包括但不限于：中国大陆、中国香港、中国台湾等地区。\n\nT-Box偏转插件\n\n供应商需要为不带导航系统的T-Box提供申请偏转插件的服务。\n\n电子地平线数据\n\nLBS系统需要提供接口，开放电子地平线(EHP-Electronic Horizon Provider)数据，这些数据用于支持车道级导航、ADAS系统的应用。\n\nADAS Map数据和EHP要求\n\n供应商提供的ADAS Map和Software需要满足以下要求：\n\nADAS Map数据供应商和Application Software供应商都需要是ADASIS联盟成员；\n\nEHP引擎需要支持ADASIS V2协议，供应商需要提供基于ADASIS V2标准协议，反馈数据的支持程度并交由泛亚审核；\n\n地图数据准确度：十万公里最多一次数据错误；\n\n地图覆盖度要求：至少支持城市快速路和高速路，需要供应商提供ADAS Map地图覆盖度数据，并交由PATAC审核；\n\nADAS Map数据中需要支持每个路段的当前平均车速信息；']",根据提供的上下文，hmi_development_release2 分支只允许合入 P1 和 P2 优先级的需求。,仅允许合入 P1 和 P2 需求。,,1.0,,0.6452194693078308,0.9446757331664946
高德地图推包流程中的 adb 操作步骤包括哪些？,"['高德地图推包教程\n\n\n\n负责人\n\nApk包\n\n推包教程\n\n高德地图\n\n葛学炼\n\n[SGMNavigation-ndnc8775.apk]\n\nadb root && adb remount（VCU首次启动remount会失败，需要重启后重新 执行 adb root && adb remount）\n\n改名原有apk以及清除oat文件\n\nadb shell \n\ncd /system/app/SGMNavigation-ndnc8775/\n\nrm -rf oat\n\nmv SGMNavigation-ndnc8775.apk SGMN.apk \n\n2.推包到对应目录\n\nadb push SGMNavigation-ndnc8775.apk /system/app/SGMNavigation-ndnc8775/\n\nadb shell sync\n\n重启VCU。\n\n高德地图\n\n葛学炼\n\n[SGMNavigation-ndnc8155.apk]\n\nadb root && adb remount（VCU首次启动remount会失败，需要重启后重新 执行 adb root && adb remount）\n\n改名原有apk以及清除oat文件\n\nadb shell \n\ncd /system/app/SGMNavigation-ndnc8155/\n\nrm -rf oat\n\nmv SGMNavigation-ndnc8155.apk SGMN.apk \n\n2.推包到对应目录\n\nadb push SGMNavigation-ndnc8155.apk /system/app/SGMNavigation-ndnc8155/\n\nadb shell sync\n\n重启VCU。', '3.2.6 鹰眼小地图[Delete]\t19\n\n\t3.2.7 光柱图\t20\n\n\t3.2.8 LBS系统的全览\t21\n\n\t3.2.9 路口大图\t21\n\n\t3.2.10 区间测速\t24\n\n\t3.2.11 自动比例尺\t27\n\n\t3.3 搜索服务\t29\n\n\t3.3.1 一框搜索\t29\n\n\t3.3.2 历史关键字搜索和历史目的地\t33\n\n\t3.3.3 本网搜索\t34\n\n\t3.3.4 搜索失败提示\t35\n\n\t3.3.5 搜索结果\t36\n\n\t3.3.6 分类搜索\t40\n\n\t3.3.7 快捷搜索\t41\n\n\t3.3.8 移图选点\t42\n\n\t3.3.9 地图信息点选\t42\n\n\t3.3.10 周边搜索\t43\n\n\t3.3.11 沿途搜索\t44\n\n\t3.3.12 途经点搜索[Delete]\t45\n\n\t3.3.13 VA搜索的支持\t45\n\n\t3.3.14 框选搜索\t46\n\n\t3.3.15 常去地点\t46\n\n\t3.3.16 基于高德SDK 750的搜索\t47\n\n\t3.4 LBS系统收藏夹\t48\n\n\t3.4.1 POI收藏点\t48\n\n\t3.4.2 家与公司\t49\n\n\t3.4.3 收藏夹同步\t52\n\n\t3.5 引导信息\t52\n\n\t3.5.1 引导信息集\t52\n\n\t3.5.2 TBT信息集\t53\n\n\t3.5.3 路口信息\t53\n\n\t3.5.4 ETA信息\t53\n\n\t3.5.5 EDA信息\t53\n\n\t3.6 LBS系统的路线规划\t53\n\n\t3.6.1 本网规划策略\t53\n\n\t3.6.2 路线规划结果\t54\n\n\t3.6.3 备选路线探测[在线]\t55\n\n\t3.6.4 途经点\t56\n\n\t3.6.5 路径规划失败提示\t58\n\n\t3.6.6 路线偏好\t59\n\n\t3.6.7 路径规划避开限行\t61\n\n\t3.6.8 交通事件规避\t61\n\n\t3.6.9 路径规划，沿途天气信息\t61', '手动激活流程除UUID外，还需提供对应的序列号和激活码。SGM IT服务器在向高德服务器请求订单查询结果时，可在下载结果的激活明文获取对应序列号和激活码，需支持LBS系统通过订单查询接口获取。\n\n对于SD Map，LBS系统手动激活后，获取的激活文件Token需本地存储，存储分区需考虑分区可靠性。\n\n\n\n\n\nSD Map手动激活时序图\n\nHD Map下单激活流程\n\n对于ADAS_Configuration_Type=8，即有ADCU配置的车型，LBS系统需支持HD Map的下单激活操作。\n\n在完成SD Map的下单激活操作后，LBS系统需请求高德服务器进行HD Map License下单激活操作。\n\nHD UUID获取存储\n\nLBS系统读取本地存储的UUID并通过ADAS Service将UUID发送给ADCU模块。若没有读取到本地存储的UUID信息，需向SMG IT服务器请求获取UUID并本地存储。\n\nADAS Service 的FSA信号\n\nService Name\n\nInterface Name\n\nFunction Name\n\nField\n\nField Type\n\nValue\n\nUUIDInfo\n\niUUIDMessage\n\nUUIDMessage Content\n\nUUID\n\nString\n\nUUID NO.\n\n\n\n\n\nSubscribeStatus\n\nSubscrib\n\nEnum\n\n0, unknown\n\n\n\n\n\n\n\n\n\n\n\n1, Subscribe\n\n\n\n\n\n\n\n\n\n\n\n2, Unsubscribe\n\n\n\n\n\n\n\n\n\n\n\n3, Overdue\n\nHD请求下单', '用于后续获取行程位置地区等信息时接收回\n调消息，以及获取当前道路的限速信息判断\n当前用户是否超速\nDBA 行程开始或者位置发生变化时获取当\n前位置信息\nDBA 行程结束结束时获取当前的位置信息\n和地区的详细信息\nNaviManager.getInstance().init();\nNaviautoAPIManager.getInstance().setOnSearchResultListener()\nNaviautoAPIManager.getInstance().setOnDistrictInfoChangeListener（）\nNaviautoAPIManager.getInstance().setOnLocationChangeListener（）\nNaviautoAPIManager.getInstance().setOnSpeedLimitChangeListener（）\nNaviautoAPIManager.getInstance().getCurrentLocation()\nNaviautoAPIManager.getInstance().requestReverseGeoSearch()\nNaviautoAPIManager.getInstance().getDistrictDetailInfo（）\nNaviautoAPIManager.getInstance().getCurrentLocation()\nNaviautoAPIManager.getInstance().requestReverseGeoSearch()\n百度/高德地图初始化\n设置百度/高德地图搜索结果监听\n设置百度/高德地图地区变化监听\n设置百度/高德地图位置变化监听\n监听\n设置百度/高德地图限速监听\n百度/高德地图获取当前位置信息\n百度/高德地图根据gps位置进行\n反向搜索']","根据提供的上下文，高德地图推包流程中的 adb 操作步骤包括：

1.  获取 root 权限并重新挂载系统分区：
    `adb root && adb remount`（注意：VCU首次启动时 remount 可能会失败，需要重启后重新执行此命令）

2.  进入 ADB Shell 环境并清理旧文件：
    `adb shell`
    `cd /system/app/SGMNavigation-ndnc8775/` (对于 8775 版本) 或 `cd /system/app/SGMNavigation-ndnc8155/` (对于 8155 版本)
    `rm -rf oat`
    `mv SGMNavigation-ndnc8775.apk SGMN.apk` (对于 8775 版本) 或 `mv SGMNavigation-ndnc8155.apk SGMN.apk` (对于 8155 版本)

3.  推送新的 APK 包到对应目录并同步：
    `adb push SGMNavigation-ndnc8775.apk /system/app/SGMNavigation-ndnc8775/` (对于 8775 版本) 或 `adb push SGMNavigation-ndnc8155.apk /system/app/SGMNavigation-ndnc8155/` (对于 8155 版本)
    `adb shell sync`

4.  最后，重启 VCU。",包括 adb root、adb remount、删除 oat 文件、重命名旧 apk、adb push 新 apk、adb shell sync、重启 VCU。,,1.0,,,
LBS 中个性化车标支持哪些模式？,"['昼夜模式设置\n\nLBS系统支持系统的昼夜模式进行设置：\n\nFollow系统的昼夜模式；\n\nLBS系统的昼夜模式需要支持白天模式；\n\nLBS系统的昼夜模式需要支持黑夜模式；\n\n个性化车标\n\nLBS系统支持用户设置个性化车标，个性化车标需要支持以下类型：\n\nLBS系统需要支持用户选择系统默认车标；\n\nLBS系统需要支持用户选择车速车标，使用仪表车速显示；\n\nLBS系统需要支持用户选择品牌车标，品牌车标支持别克、凯迪拉克、雪佛兰\n\nLBS系统需要支持用户选择等级车标；[MY TBD]\n\nLBS系统需要在彩蛋模式激活后支持用户选择彩蛋模式CVP图标，彩蛋模式对导航的需求请参考《PIS-2010_EasterEggs》；\n\n收藏点标注开关\n\nLBS系统需要支持用户设置收藏点标注的开关，收藏点标注开关开启的状态下，支持在任意比例尺下显示收藏点的标注。\n\n收藏点标注，收藏点包含家与公司。\n\n音量控制\n\nLBS系统需要支持车机系统相关音量的控制。导航音量控制由系统能力生效，在导航设置中不再设定音量调节的界面。\n\n一键加/减音量[Delete]\n\nLBS系统设置中，需要支持用户调节LBS系统的音量（导航播报音和电子导游音量保持同步）。【方案二，电子导游使用的音量与Media音量相同】\n\n\tLBS系统中，一键音量加/减的最小变化单位是5%，具体请参考《PIS-2022_AudioArbitration》；\n\n\t导航“叮咚音”不支持调节音量，其音量大小通过标定确认，标定请参考<相关标定>\n\n音量调节反馈[Delete]\n\nLBS系统设置中，如果用户调节了音量，系统需要及时反馈用户当前设置的音量。\n\n静音操作\n\n静音开启时，LBS的导航播报和电子导游都会被静音，LBS系统中支持多种方式进入静音状态：\n\nLBS系统设置中在导航或巡航状态时，支持用户一键静音；', 'ADAS配置情况\n\n标定参数ADAS_Configuration_Type=0 表示CLEA_NONE；\n\n标定参数ADAS_Configuration_Type=1 表示CLEA_IPCM；\n\n标定参数ADAS_Configuration_Type=2 表示CLEA_ACM/J3；\n\n标定参数ADAS_Configuration_Type=3 表示CLEA_ADM/J5；\n\n标定参数ADAS_Configuration_Type=4 表示GB_NONE；\n\n标定参数ADAS_Configuration_Type=5 表示GB_VPM；\n\n标定参数ADAS_Configuration_Type=6 表示GB_ACP3.0；\n\n标定参数ADAS_Configuration_Type=7 表示GB_ACP3.1；\n\n标定参数ADAS_Configuration_Type=8 表示GB_ADCU；\n\n标定参数ADAS_Configuration_Type=9 表示CLEA_8650 L2++；\n\n标定参数ADAS_Configuration_Type=10 表示CLEA_8775 ADAS Fusion L2+；\n\nRSTP配置情况\n\n标定参数P_RearSeatTouchPanel_Func_Enable=0 表示该车型未配置RSTP；\n\n标定参数P_RearSeatTouchPanel_Func_Enable=1 表示该车型配置RSTP；\n\nHUD配置情况\n\n标定参数P_HUD_Func_Enable=0 表示需要关闭HUD相关功能；\n\n标定参数P_HUD_Func_Enable=1 表示需要打开HUD相关功能；\n\n偏转插件使能标定\n\n标定参数P_Navigation_Deflection_Enable=0表示地图不需要使能偏转插件，输入的GPS为GCJ02坐标系的数据；', '如果当前车辆没有定位信息，则以‘沪’作为默认区域1简称。\n\n车牌号码字符规范\n\n车牌号码设置中，只允许用户输入英文字符和数字。\n\n英文字符自动变换\n\n如果用户在选择输入小写英文字符时，系统需要自动帮助用户将字符转换为大写英文字符。\n\n车牌号码字符长度\n\nLBS系统的车牌号设置，支持用户最多少输入6个字符，最多支持输入7个字符。\n\n车辆动力类型\n\nLBS系统需要通过标定获取车辆的动力类型信息，并告知用户当前车辆的动力类型，不支持用户调整。标定请参考<4.8 相关标定项>\n\nLBS系统对动力类型的支持\n\nLBS系统支持以下动力类型：\n\nLBS系统需要支持燃油车类型；\n\nLBS系统需要支持纯电动车类型；\n\nLBS系统需要支持插电式混动类型。\n\n动力类型与能源补充关系\n\nLBS系统会为不同动力类型的车辆配置不同的常用搜索，常用搜索详情请参考<常用搜索>，不同动力类型对应的常用搜索中能源补充项具体如下：\n\n燃油车对应的能源补充项为加油站；\n\n纯电车对应的能源补充项为充电站；\n\n插电式混动车辆对应的能源补充为加油站+充电站。\n\n路况概览模式切换\n\nLBS系统在导航中为用户提供两种路况概览模式，LBS设置中需要支持用户在两种模式之间进行切换。\n\nLBS系统支持路况概览模式，小地图模式；\n\nLBS系统支持路况概览模式，路况条光柱图模式；\n\n自动比例尺开关\n\nLBS系统支持导航模式、模拟导航模式、探路模式下的自动比例尺功能。系统支持导航模式和模拟导航模式的自动比例尺开关设置。自动比例尺请参考<自动比例尺>。\n\n探路模式的自动比例尺默认开启，不支持用户关闭。\n\n昼夜模式设置\n\nLBS系统支持系统的昼夜模式进行设置：\n\nFollow系统的昼夜模式；\n\nLBS系统的昼夜模式需要支持白天模式；\n\nLBS系统的昼夜模式需要支持黑夜模式；\n\n个性化车标', '车道级定位[TBD]\n\n为了满足车道级导航，LBS系统需要支持车道级定位能力，车道级定位的性能要求请参考< 3.18.3 车道级导航的性能要求>，供应商需要提交车道级定位的系统方案，明确对系统硬件的依赖，并交由PATAC审核。\n\nLBS系统的工作模式\n\nLBS系统的工作模式分为：主图模式、导航模式、模拟导航、探路模式、巡航模式、路径规划模式等。\n\nLBS系统不同工作模式介绍\n\n主图模式\n\n主图模式下，LBS系统为用户展示地图，显示CVP位置等信息。并支持用户进行一些搜索、设置、地图查看等操作。\n\n路径规划模式\n\n路径规划模式为用户进入路径规划的模式，在该模式下，支持用户查看路线规划信息，选择路径，发起模拟导航等。\n\n该模式用户选择目的地后进行路线规划时，展示路线规划结果的状态，该状态下支持用户进行快捷沿途搜索、快捷导航设置、快捷路线偏好设置以及一框搜索途经点等。\n\n路径规划地图视角\n\n路径规划模式下，地图视角只支持2D正北朝上，不支持用户调整。\n\n导航模式\n\n导航模式下，LBS系统为用户提供最全和最详细的行车引导。\n\n模拟导航\n\n为方便工程测试，LBS系统为用户提供一个模拟导航的能力，在工程模式支持模拟导航，售出车此功能关闭。\n\n探路模式[Delete]\n\n探路模式，此模式为用户提供简洁的引导播报和路线概览以及备选路线探测功能。提供车速、电子眼、机动点、拥堵、道路事件做播报及图面显示内容；同时可设置路线偏好、沿途搜，还提供了刷新路线、路况、定位、放大缩小地图按钮。\n\n探路模式目的地选择[Delete]\n\n巡航模式\n\n巡航模式是一个可自动触发的功能，巡航模式下，LBS系统会为用户提供前方的路况、电子眼、安全信息等播报，用户可以通过图面操作进行巡航状态下，播报模式的选择。播报模式包含播报与静音。\n\n巡航模式的触发条件']","根据提供的上下文，LBS系统中个性化车标支持以下类型：

- 系统默认车标
- 车速车标（使用仪表车速显示）
- 品牌车标（支持别克、凯迪拉克、雪佛兰）
- 等级车标（标注为[MY TBD]，表示待确定）
- 彩蛋模式CVP图标（在彩蛋模式激活后支持）",支持系统默认车标、车速车标（仪表车速显示）、品牌车标等多种类型。,,1.0,,0.6058420682052251,
路线偏好设置包含哪些可配置项？,"['Mao Changhong\n\n0.0.0.7\n\n14-Oct-20\n\n3.6.4.8\n\n补充途径点自动到达、偏航、手动到达的逻辑\n\nMao Changhong\n\n0.0.0.7\n\n14-Oct-20\n\n3.6.5\n\n更新路径规划失败提示\n\nMao Changhong\n\n0.0.0.7\n\n14-Oct-20\n\n3.6.6\n\n更新路线偏好算路原则\n\nMao Changhong\n\n0.0.0.7\n\n14-Oct-20\n\n3.6.11\n\n删除路线详情中的导航段和聚合段\n\nMao Changhong\n\n0.0.0.7\n\n14-Oct-20\n\n3.6.11\n\n补充自动路线刷新策略\n\nMao Changhong\n\n0.0.0.7\n\n14-Oct-20\n\n3.7.2\n\n更改限行离线提醒为MY TBD\n\nMao Changhong\n\n0.0.0.7\n\n14-Oct-20\n\n3.8.1\n\n补充交通事件信息集信息\n\nMao Changhong\n\n0.0.0.7\n\n14-Oct-20\n\n3.8.2\n\n补充交通事件详情分页显示\n\nMao Changhong\n\n0.0.0.7\n\n14-Oct-20\n\n3.8.3\n\n补充图面交通事件信息随比例尺显示逻辑\n\nMao Changhong\n\n0.0.0.7\n\n14-Oct-20\n\n3.8.4\n\n更改路径外显示为备选路径上显示\n\nMao Changhong\n\n0.0.0.7\n\n14-Oct-20\n\n3.8.4\n\n补充封路事件随比例尺显示逻辑\n\nMao Changhong\n\n0.0.0.7\n\n14-Oct-20\n\n3.8.4\n\n更新封路事件需要支持用户查看详情\n\nMao Changhong\n\n0.0.0.7\n\n14-Oct-20\n\n3.9\n\n增加交通事件信息上报章节\n\nMao Changhong\n\n0.0.0.7\n\n14-Oct-20\n\n3.10', 'ADAS配置情况\n\n标定参数ADAS_Configuration_Type=0 表示CLEA_NONE；\n\n标定参数ADAS_Configuration_Type=1 表示CLEA_IPCM；\n\n标定参数ADAS_Configuration_Type=2 表示CLEA_ACM/J3；\n\n标定参数ADAS_Configuration_Type=3 表示CLEA_ADM/J5；\n\n标定参数ADAS_Configuration_Type=4 表示GB_NONE；\n\n标定参数ADAS_Configuration_Type=5 表示GB_VPM；\n\n标定参数ADAS_Configuration_Type=6 表示GB_ACP3.0；\n\n标定参数ADAS_Configuration_Type=7 表示GB_ACP3.1；\n\n标定参数ADAS_Configuration_Type=8 表示GB_ADCU；\n\n标定参数ADAS_Configuration_Type=9 表示CLEA_8650 L2++；\n\n标定参数ADAS_Configuration_Type=10 表示CLEA_8775 ADAS Fusion L2+；\n\nRSTP配置情况\n\n标定参数P_RearSeatTouchPanel_Func_Enable=0 表示该车型未配置RSTP；\n\n标定参数P_RearSeatTouchPanel_Func_Enable=1 表示该车型配置RSTP；\n\nHUD配置情况\n\n标定参数P_HUD_Func_Enable=0 表示需要关闭HUD相关功能；\n\n标定参数P_HUD_Func_Enable=1 表示需要打开HUD相关功能；\n\n偏转插件使能标定\n\n标定参数P_Navigation_Deflection_Enable=0表示地图不需要使能偏转插件，输入的GPS为GCJ02坐标系的数据；', 'N Y\n2.2 QNX 应用\nQNX侧接口以此为准，下表中更新557/CADI rebuild导航新需求的注意事项\n6系FAS接口文档.docx\n模块名 功能点 功能描述\nHUD 路网图畸变处\n理\n2.0车型路网图由安卓自行投屏，需进行图像\n处理（畸变矫正，左右旋转）\nPOI兴趣点 需监听低油/低电状态，判断是否推送加油站/\n充电站POI给HUD显示\n2.3 VA', 'b) 速度最快\n\nc) 少收费\n\nd) 躲避拥堵\n\ne) 不走高速\n\nf) 高速优先\n\n离线算路：\n\na) 高德推荐\n\nb) 高速优先\n\nc) 少收费\n\nd) 不走高速\n\n\n\n备选路线探测[在线]\n\n有网络的情况下，LBS系统在导航模式及探路模式下应支持为用户探测其他备选路线，并提示其他备选路线的信息，并为用户推荐更优的路线。\n\n备选路线数量限制\n\nLBS系统为用户提供最多两条备选路线。\n\n备选路线信息显示\n\nLBS系统在地图显示备选路线的信息，备选路线信息应具备以下信息：\n\n备选路线与当前路线区分显示\n\n备选路线差异ETA信息，即相比当前路线，行驶时间的差异和行驶里程的差异\n\n备选路线费用差异，相比当前的路线，过路费和过桥费费用差异\n\n推荐路线差异显示，对于最优路线，应能区别于其他备选路线\n\n备选路线切换\n\nLBS系统需要支持用户通过以下的方式进行备选路线的切换：\n\nLBS系统应支持用户手动点击快速选择和切换备选路线；\n\n支持用户自主偏航的形式，完成备选路径的切换；\n\nLBS系统还需要有能力支持用户通过VA切换备选路线；\n\n途经点\n\nLBS服务系统支持通过用户手动添加和编辑途经点。并为用户规划包含途经点的路线。\n\n用户手动添加途经点\n\n在已有规划路线的基础上，支持用户通过一框搜索、地图选点、收到的地点、沿途搜索等方式，添加途经点，并规划路线。\n\n途经点数量限制\n\n系统需要支持用户最多添加35个途经点。\n\nNote：SDK能力支持，在线情况下支持添加165个途经点，离线状态下支持最多5个途经点。如果我们定义最多数量超过5个，就需要综合考虑本网规划会产生的问题。对于可能用到的是路书的画面展示问题。路书的途经点目前没有数量限制。路书中是否会有特殊路径，这个该如何绘制，需要IT、运维、需求方、讨论。\n\n途经点加入位置']","根据提供的上下文，路线偏好设置包含以下可配置项：

**在线算路偏好：**
- 速度最快
- 少收费
- 躲避拥堵
- 不走高速
- 高速优先

**离线算路偏好：**
- 高德推荐
- 高速优先
- 少收费
- 不走高速

这些偏好设置用于路径规划时的算路原则选择。",包括路线偏好、避开限行、车牌号码设置、车辆动力类型、路况概览模式切换、自动比例尺开关等。,0.0,0.0,1.0,0.5083675832626963,0.31543990916435627
LBS 的避开限行开关逻辑是什么？,"['应用内设置\n\n（针对应用本身的设置项，如网络开关等，可选项）\n\n\t本章节描述的时LBS系统支持的设置全集，不同工作模式下支持的快捷操作，请参考对应的工作模式。\n\n路线偏好设置\n\n为满足不同用户的需求，LBS系统提供不同的路线规划策略，智能推荐、时间优先、躲避拥堵、避免收费、不走高速、高速优先、Super Cruise优先。\n\n路线偏好设置详细请参考<路线偏好>。\n\n避开限行开关\n\nLBS系统支持用户在设置中开启和关闭避开限行功能。避开限行功能详细定义请参考<3.5.7.1 限行信息服务>。\n\n避开限行前置条件\n\nLBS系统的避开限行功能有两一个前置条件：\n\n避开限行功能的前置条件，需要用户设置了车牌号；\n\n避开限行功能的前置条件，需要LBS系统联网。\n\n\n\n避开限行功能前置条件不满足处理：\n\n联网，但未设置车牌号，需要提示和引导用户设置车牌号；\n\n未联网，但已经设置车牌号，需要提示用户，当前无网络，避开限行功能不可用；\n\n未联网，未设置车牌号，需要提示和引导用户联网后设置车牌号，以规避限行。\n\n避开限行账户相关\n\nLBS系统的避开限行功能开关状态不支持同步。\n\n车牌号码设置\n\nLBS系统需要为用户提供快捷方便的车牌号设置。\n\n1）支持小型汽油车车牌设置，蓝牌，7位，中文+英文+数字，例：沪ABC666\n\n2）支持小型新能源车车牌设置，绿牌，8位，中文+英文+数字，例：沪ADC6666\n\n省份简称选择\n\nLBS系统的车牌设置中，需要为用户提供快捷的省份选择功能。\n\n默认省份/直辖市简称\n\nLBS系统中，车牌设置中对应的默认省份/直辖市应根据车辆定位，显示车辆当前位置所在省份/直辖市对应的简称。\n\n如果当前车辆没有定位信息，则以‘沪’作为默认区域1简称。\n\n车牌号码字符规范\n\n车牌号码设置中，只允许用户输入英文字符和数字。\n\n英文字符自动变换', '传统导航\n\nTSRADAS Map限速信息\n\nTBD\n\nTBD由仪表定义\n\nTBD\n\n显示优先级：传统导航>ADAS Map\n\n传统导航\n\nTBD\n\nTBD\n\nTBD显示传统导航\n\n\n\nCluster限速信息显示[Delete]\n\nLBS支持将仲裁后的限速信息透传给Cluster，Cluster用户道路限速信息显示和超速预警。Cluster道路限速信息显示逻辑请参考《XXXX》。\n\nNote: Cluster的限速显示和超速预警需要结合导航HMI和ADAS巡航车速推荐等功能，尽可能保证功能和用户体验的一致性。\n\n硬按键触发上一条引导播报\n\n当方向盘配备了SWC_MULTI按键（多功能按键）时，需要VCS系统设置支持用户将SWC_MULTI按键切换为上一条引导播报。SWC_MULTI按键定义请参考《PIS-2002_Hardkey》，系统设置请参考《PIS-2046_SystemSetting》。\n\nSWC_MULTI按键被设置为上一条引导播报触发按键时，用户按下按键并释放后，导航触发上一条引导播报，播报时需要更新播报的距离信息。\n\n当导航正在播报引导信息时，用户按下按键并释放，导航不响应按键触发。\n\n路况预测[Delete]\n\nLBS系统需要在路径规划页面提供路况预测的入口，用户可通过拖动行程时间条查看对应路段的未来路况，并支持在路径规划中提前规避拥堵路段。\n\n路况状态[Delete]\n\n查看对应路段的未来路况的描述将分为三种状态：\n\n将要拥堵，如：全程有XXX米将要拥堵；\n\n将要畅通，如：全程有XXX米拥堵将要缓解；\n\n拥堵状况无明显变化，如：全程拥堵状况无明显变化；\n\n规避拥堵[Delete]\n\n规避拥堵功能至少需要在以下情况下支持：\n\n用户查看的对应路段将要拥堵；\n\n用户查看的对应路段当前拥堵且未来拥堵路况无明显变化；\n\nFuel Range low', '在概览视图下，如果用户通过操作移动地图或者放大缩小地图，支持一键恢复至默认状态；\n\n在概览视图下，支持用户一键退出概览模式；\n\nLBS系统概览视图退出策略\n\nLBS系统概览视图和非概览视图，根据娱乐系统的不同状态决定LBS系统的概览视图的退出策略。\n\n娱乐系统如果在Cluster中开启了导航的Full Map模式，用户在IVI侧，进入LBS的概览视图，LBS系统的概览视图会一直保持，直到用户选择退出LBS概览视图；\n\n娱乐系统如果在Cluster中未开启导航的Full Map模式，用户在IVI侧，进入LBS的概览视图，如果用户持续超过8s(≥8s)不通过HMI操作IVI的LBS系统，LBS系统会自动退出概览视图；\n\n娱乐系统如果在Cluster中开启了导航的Full Map模式，且LBS系统处于概览视图中，如果用户操作娱乐系统，Cluster退出Full Map模式，LBS系统应开启自动退出概览视图倒计时，倒计时时间为8s；\n\n行程分享[Delete]\n\n在导航过程中，用户可以扫码LBS生成的二维码，将自己的行程通过web页面的方式分享给好友，好友可同步接收到路线及分享用户的位置信息。开启分享前需要提示用户当前导航下位置信息将被分享给好友，并在用户确认后LBS才生成二维码以供分享，并支持下次不再提示。\n\n行程分享支持模式\n\n行程分享可在导航和探路模式下支持用户进行点击分享。\n\n行程分享内容\n\n行程分享Web页面中，包含以下内容：\n\n行程分享中包含的地图信息：，网页版地地图图底图；\n\n行程分享中包含的路线信息：当前行程的起点、终点、CVP实时位置、当前规划的路线、路线上的路况、用户退出导航的位置点；\n\n行程分享中支持的用户操作：手动刷新车辆位置信息、放小缩小地图比例尺\n\n行程分享更新机制\n\n行程分享Web页面自动刷新：自动刷的新频率是5s/次；', '算路原则的组合策略\n\n多策略算路\n\n路线偏好设置方式\n\nLBS系统需要为用户提供HMI的方式来快捷设置路线偏好；\n\nLBS系统还需要有能力让用户通过VA来切换路线偏好。\n\n路径规划避开限行\n\nLBS支持为用户提供避开限行的路径计算服务，具体参考<限行信息服务>。\n\n交通事件规避\n\nLBS系统支持根据交通事件的影响，来为用户选择更优的路线，并告知用户当前的路线规划理由。具体参考<路径规划页交通事件信息>。\n\n路径规划，沿途天气信息\n\nLBS系统支持用户在路径规划时查看沿途的天气信息，具体请参考<沿途天气信息>。\n\n沿途服务区/收费站信息查看\n\n导航、探路模式下，如果当前导航路线中经过服务区或者收费站，LBS系统需要支持为用户提供接下来路程中的服务区的信息。\n\nLBS系统会为用户提供接前方服务区/收费站信息，也会为用户提供高速全程信息查看。\n\n前方服务区/收费站信息展示\n\n前方服务区信息展示需要主动为用户展示前方服务区信息/收费站信息。\n\n前方服务区/收费站信息展示条件\n\n如果用户当前选择的导航路线后续的路程中经过服务区/收费站，LBS系统就会主动为用户展示前方的服务区/收费站信息。\n\n前方服务区/收费站信息展示数量\n\nLBS系统需要支持为用户展示两个前方服务区/收费站信息。\n\n前方服务区/收费站信息展示内容\n\nLBS系统为用户展示的两个前方服务区/收费站信息需要包含以下内容：\n\n前方服务区/收费站基本信息需要包含：名称；\n\n前方服务区/收费站基本信息需要包含：类型（服务区、收费站）；\n\n前方服务区/收费站基本信息需要包含：服务区/收费站与CVP的剩余路径距离（距离精确到0.1km，更新频率1Hz）；\n\n前方服务区深度信息需要包含：是否有厕所；\n\n前方服务区深度信息需要包含：是否有加油站；\n\n前方服务区深度信息需要包含：是否有充电站；']","根据提供的上下文，LBS的避开限行开关逻辑如下：

1. **开关控制**：LBS系统支持用户在设置中开启和关闭避开限行功能。

2. **前置条件**：
   - 用户必须设置了车牌号。
   - LBS系统必须联网。

3. **前置条件不满足时的处理逻辑**：
   - 如果系统联网但未设置车牌号，需要提示和引导用户设置车牌号。
   - 如果系统未联网但已设置车牌号，需要提示用户当前无网络，避开限行功能不可用。
   - 如果系统未联网且未设置车牌号，需要提示和引导用户联网后设置车牌号，以规避限行。

4. **账户相关**：避开限行功能的开关状态不支持同步（即不随账户同步）。

此逻辑基于上下文[1]中的描述，没有涉及其他无关信息。",用户可以开启或关闭避开限行策略，用于路径规划时避免限行路段。,0.7499999999625,1.0,,,0.2945376010210232
收藏点标注开关的作用是什么？,"['昼夜模式设置，默认自动模式\n\n路线偏好设置，默认不选择智能推荐\n\n自动比例尺开关，默认开启\n\n个性化车标，默认为标准车标\n\n收藏点标注开关，默认为开启状态\n\n语音播报设置\n\n沿途重点景区介绍开关，默认为开启状态\n\n版本升级\n\nLBS系统升级需要跟随娱乐系统升级。\n\n埋点需求\n\nLBS系统相关的埋点需求请参考《PIS-2007_OverallDataTracking》。\n\n高德750埋点需求如下：\n\n\n\n隐私模式(TBD)\n\n地图支持隐私模式，在隐私模式下需要支持个人信息及数据的隐藏功能，具体的展示以交互定义为准。\n\n包括不限于\n\n收藏夹（收藏地点、家、公司、常去地）\n\n我的消息\n\n搜索记录\n\n历史目的地/历史路线\n\n账号相关所有\n\n头像、名称\n\n组队功能、群组\n\n点亮城市功能（打卡点等）\n\n行程记录\n\n相关CAN信号\n\nLBS包括DR相关的CAN信号可参考如下表：\n\n\n\n相关标定项\n\n车机端相关标定\n\n动力类型标定\n\n标定参数VEHICLE_FUEL_TYPE_PETROL=Ture且 其他VEHICLE_FUEL_TYPE_XXX=False表示车辆是汽油车；\n\n标定参数VEHICLE_FUEL_TYPE_ELECTRIC=Ture且 其他VEHICLE_FUEL_TYPE_XXX=False表示车辆是纯电动车；\n\n标定参数VEHICLE_FUEL_TYPE_HYBRID=Ture且 其他VEHICLE_FUEL_TYPE_XXX=False表示车辆是插电式混动汽车。\n\n品牌标定\n\n标定参数GMBrand=1表示车辆品牌为别克；\n\n标定参数GMBrand=2表示车辆品牌为凯迪拉克；\n\n标定参数GMBrand=3表示车辆品牌为雪佛兰；\n\nLBS应用使能标定', '一框搜索给用户提供了一个统一的搜索入口，支持多种搜索方式。并支持主图模式、导航模式、模拟导航、探路模式下的一框搜索。\n\n关键字搜索\n\n输入关键字搜索目的地结果，支持以下类型关键字搜索：\n\n首拼搜索\n\n中文拼音首字母搜索，例如：“FYQC”，搜索结果中包含，泛亚汽车、福耀汽车等结果\n\n拼音搜索\n\n中文拼音搜索，例如：“fanyaqiche”，搜索结果中包含，泛亚汽车等搜索结果\n\n中文关键字搜索\n\n中文关键字搜索，例如：“泛亚”，搜索结果中包含，泛亚汽车等搜索结果\n\nPOI地址搜索\n\nPOI地址搜索，例如：“巨峰路2199号”，搜索结果为泛亚汽车技术中心有限公司\n\n类型搜索\n\n类型搜索，例如：“餐馆”“加油站”“银行”等搜索\n\n别名搜索[在线]\n\n支持别名搜索，follow 地图公版能力；\n\n道路搜索\n\n道路搜索，例如：“五洲大道”“巨峰路”等…\n\n门牌号搜索\n\n门牌号搜索，例如：“新高苑2期1号楼”\n\n特殊关键字搜索\n\n品牌词搜索\n\n品牌词搜索，例如：“别克”“雪佛兰”等\n\n充电桩搜索\n\n充电桩搜索，例如：“充电桩”“充电站”等\n\n一筐搜索—历史信息快捷搜索\n\n用户激活一框搜索，且未输入任何字符时，系统将为用户提供用户的历史关键字搜索和历史目的地列表。以便用户进行快捷操作，具体请参考<历史关键字搜索和历史目的地>。\n\n搜索联想\n\n输入框输入关键字的过程中，支持通过关键字联想历史关键字、关键字回填、快速路线规划等。\n\n历史搜索关键字联想\n\n通过输入的关键字联想到历史关键字搜索，例如：\n\n第一步，在一框搜内进行“泛亚”关键字搜索；\n\n第二步，在一框搜内输入“泛”字，联想结果中包含“泛亚”的历史搜索记录。\n\n关键字POI预搜索\n\n通过输入的关键字，结合用户的历史数据，进行相关POI预搜索，例如：输入“泛”，搜索联想结果中包含泛亚汽车技术中心等POI结果。\n\n联想结果排序', 'LBS系统支持在用户的历史目的地中对已经收藏的POI(含家与公司)进行取消收藏操作，具体请参考<历史目的地>；\n\nLBS系统支持用户在收藏夹中对每一个收藏POI点进行取消收藏操作。\n\nODD收藏取消，具体需要参考《PIS_2079 Infotainment Func For Telematics》。\n\nPOI收藏点重命名[Delete]\n\nLBS系统支持用户对每一个收藏点进行重命名操作。\n\nPOI重命名字符要求[Delete]\n\nLBS系统中对POI重命名时允许用户输入任意字符串，字符长度 ≤ 30。\n\nPOI 重命名需要支持的操作[Delete]\n\nLBS系统的POI重命名需要支持以下快捷操作：\n\n一键清除以输入的所有内容\n\n支持保存操作\n\nPOI收藏点默认排序[Delete]\n\nLBS系统的POI收藏点的排序默认为根据用户的收藏时间进行排序，收藏时间越晚，排序越靠前。\n\nPOI收藏点置顶\n\nLBS系统的POI收藏点支持用户进行置顶操作。\n\n多个置顶POI收藏点的排序\n\nLBS系统对用户置顶的多个POI收藏点按照置顶时间进行排序，置顶时间越晚，排序越靠前。\n\n家与公司\n\n家与公司是LBS系统中收藏夹的子集，家与公司是特殊的收藏POI，LBS系统需要支持用户设置家与公司，家与公司设置后支持用户进行相应的管理，以及一些快捷操作。\n\n设置家与公司\n\nLBS系统中的家与公司的设置方式有别于POI收藏，支持用户通过以下方式进入家与公司地址设置：\n\nLBS系统支持通过收藏夹中的家与公司设置入口进行家与公司的设置；\n\n支持在家与公司的快捷操作入口引导用户进入家与公司的地址设置；\n\n家与公司地址搜索\n\nLBS系统进入家与公司地址设置模式后，需要支持通过多种方式进行家与公司的地址选择。\n\n家与公司地址搜索—选择我的位置', 'Chen Deliao\n\n0.0.0.2\n\n8-Nov-19\n\n3.21\n\n补充继续导航功能要求，含子章节3.21.1~3.21.2\n\nChen Deliao\n\n0.0.0.2\n\n8-Nov-19\n\n5.2.5\n\n修改功能描述，”路况条“修改为”光柱图“\n\nChen Deliao\n\n0.0.0.2\n\n8-Nov-19\n\n4.2.6\n\n补充功能开关对应功能的参考章节信息\n\nChen Deliao\n\n0.0.0.2\n\n8-Nov-19\n\n4.2.8\n\n将个性化车标中的c) 和 d)需求调整为MY TBD\n\nChen Deliao\n\n0.0.0.2\n\n8-Nov-19\n\n4.2.10.1\n\n补充参考文档的信息\n\nChen Deliao\n\n0.0.0.2\n\n8-Nov-19\n\n4.2.11.4\n\n补充通话时语音提示等级与语音播报模式之间的关系\n\nChen Deliao\n\n0.0.0.2\n\n8-Nov-19\n\n4.2.11.6\n\n补充功能开启或关闭时的功能表现\n\nChen Deliao\n\n0.0.0.2\n\n8-Nov-19\n\n4.2.11.7/4.2.11.9\n\n补充了参考文档的信息\n\nChen Deliao\n\n0.0.0.2\n\n8-Nov-19\n\n4.2.12\n\n删除备注性描述。\n\nChen Deliao\n\n0.0.0.2\n\n8-Nov-19\n\n4.3.5.1\n\n补充 m),对应的参考章节的信息\n\nChen Deliao\n\n0.0.0.2\n\n8-Nov-19\n\n4.3.5.2\n\n补充a)中描述遗漏，”2D朝上和3D朝上“修正为”2D车头朝上和3D车头朝上“\n\nChen Deliao\n\n0.0.0.2\n\n8-Nov-19\n\n4.3.5.3\n\n补充通过Cluster切换别选路线的能力要求\n\nChen Deliao\n\n0.0.0.2\n\n8-Nov-19\n\n4.3.6']",根据提供的上下文，收藏点标注开关的作用没有具体说明。上下文只提到该开关默认为开启状态，但没有描述其具体功能。,允许用户控制地图界面是否显示已收藏地点的标注。,0.9999999999,0.0,1.0,0.0,
发起路径规划的触发条件有哪些？,"['路径规划页交通事件信息\n\n在LBS系统的路线规划页面中，LBS系统将会展示路径相关的交通事件，分为以下几个大类：\n\n路径规划页中，支持显示路径上事件\n\n路径规划页中，支持显示备选路径外上事件\n\n路径规划页中，支持底图事件图层，跟随地图能力\n\n路径上交通事件\n\n在路径上的事件区分为两个子类，以车辆是否可以通行为判断依据：\n\n交通事故(车祸)、施工、积水等非封路事件，事件特征：在路径上、可通行、造成了拥堵\n\n封路事件，事件特征：在路径上、无法通行\n\n以上事件信息需要支持用户查看事件的详细信息。\n\n路径上的非封路事件\n\n在路径上展示与路径强相关的交通事件，为用户的出行提供更多的决策依据。\n\n路径上的非封路事件显示逻辑\n\n一条路径上，最多同时出现两个交通事件\n\n拥堵段长度标准：取最长的不重复的两段拥堵段；且拥堵段长度需要大于等于路线长度的3%；【TBD，根据测试调整阈值】\n\n事件优先级：若同一拥堵段上含有多个事件，根据以下两个优先级确定哪个显示\n\n类型优先级：严重交通事故 > 一般交通事故 > 疑似事故 > 施工影响出行 > 道路施工 > 路面积水 > 路面有障碍物 >  施工不建议穿行。\n\n路径上的拥堵事件信息\n\n在路径规划模式下，路径上的拥堵事件信息需要支持显示两个基本信息：\n\n在路径规划模式下，路径上的拥堵事件信息需要显示当前拥堵路段的长度；\n\n在路径规划模式下，路径上的拥堵事件信息需要显示当前拥堵路段的预计通行时间。\n\n路径上的封路事件\n\n在路径上展示封路事件，提示用户无法为其避开。\n\n路径上的封路事件显示逻辑\n\n一条路径上，最多支持显示3个封路事件；\n\n事件Icon分类规则：支持类别细分，此类别细分只影响规划页，主图导航中不受影响；\n\n事件Icon，比例尺控制：21-13（5米-2km）级比例尺显示；小于13级，则不显示Icon。\n\n路径外事件', 'Mao Changhong\n\n0.0.0.7\n\n14-Oct-20\n\n3.4.2.4\n\n修改家与公司仅可在收藏夹中删除\n\nMao Changhong\n\n0.0.0.7\n\n14-Oct-20\n\n3.4.2.5\n\n删除家与公司诱导弹条弹出频率的控制\n\nMao Changhong\n\n0.0.0.7\n\n14-Oct-20\n\n3.4.3.1\n\n明确收藏夹自动同步的策略\n\nMao Changhong\n\n0.0.0.7\n\n14-Oct-20\n\n3.5.1\n\n补充不同模式下的引导信息\n\nMao Changhong\n\n0.0.0.7\n\n14-Oct-20\n\n3.5.2\n\n更新TBT信息集\n\nMao Changhong\n\n0.0.0.7\n\n14-Oct-20\n\n3.5.5\n\n引导信息中增加EDA信息\n\nMao Changhong\n\n0.0.0.7\n\n14-Oct-20\n\n3.6.1\n\n更新本网规划策略\n\nMao Changhong\n\n0.0.0.7\n\n14-Oct-20\n\n3.6.2.2\n\n补充路线规划结果排序的设计\n\nMao Changhong\n\n0.0.0.7\n\n14-Oct-20\n\n3.6.2.4\n\n\t补充地图地图的路线特性\n\nMao Changhong\n\n0.0.0.7\n\n14-Oct-20\n\n3.6.3\n\n补充备选路线探测的工作模式\n\nMao Changhong\n\n0.0.0.7\n\n14-Oct-20\n\n3.6.4.7\n\n删除查看途径点列表\n\nMao Changhong\n\n0.0.0.7\n\n14-Oct-20\n\n3.6.4.7\n\n明确路径规划、导航模式、探路模式下的途径点顺序调整需求\n\nMao Changhong\n\n0.0.0.7\n\n14-Oct-20\n\n3.6.4.8\n\n补充途径点自动到达、偏航、手动到达的逻辑\n\nMao Changhong\n\n0.0.0.7', '传统导航\n\nTSRADAS Map限速信息\n\nTBD\n\nTBD由仪表定义\n\nTBD\n\n显示优先级：传统导航>ADAS Map\n\n传统导航\n\nTBD\n\nTBD\n\nTBD显示传统导航\n\n\n\nCluster限速信息显示[Delete]\n\nLBS支持将仲裁后的限速信息透传给Cluster，Cluster用户道路限速信息显示和超速预警。Cluster道路限速信息显示逻辑请参考《XXXX》。\n\nNote: Cluster的限速显示和超速预警需要结合导航HMI和ADAS巡航车速推荐等功能，尽可能保证功能和用户体验的一致性。\n\n硬按键触发上一条引导播报\n\n当方向盘配备了SWC_MULTI按键（多功能按键）时，需要VCS系统设置支持用户将SWC_MULTI按键切换为上一条引导播报。SWC_MULTI按键定义请参考《PIS-2002_Hardkey》，系统设置请参考《PIS-2046_SystemSetting》。\n\nSWC_MULTI按键被设置为上一条引导播报触发按键时，用户按下按键并释放后，导航触发上一条引导播报，播报时需要更新播报的距离信息。\n\n当导航正在播报引导信息时，用户按下按键并释放，导航不响应按键触发。\n\n路况预测[Delete]\n\nLBS系统需要在路径规划页面提供路况预测的入口，用户可通过拖动行程时间条查看对应路段的未来路况，并支持在路径规划中提前规避拥堵路段。\n\n路况状态[Delete]\n\n查看对应路段的未来路况的描述将分为三种状态：\n\n将要拥堵，如：全程有XXX米将要拥堵；\n\n将要畅通，如：全程有XXX米拥堵将要缓解；\n\n拥堵状况无明显变化，如：全程拥堵状况无明显变化；\n\n规避拥堵[Delete]\n\n规避拥堵功能至少需要在以下情况下支持：\n\n用户查看的对应路段将要拥堵；\n\n用户查看的对应路段当前拥堵且未来拥堵路况无明显变化；\n\nFuel Range low', '●\n\n●\n\n\n\n\n\n\n\n快捷导航设置\n\n\n\n●\n\n●\n\n\n\n\n\n\n\n快捷路线偏好\n\n\n\n●\n\n●\n\n\n\n\n\n\n\n快捷行程分享\n\n\n\n\n\n●\n\n\n\n●\n\n\n\n发起路径规划\n\n●\n\n\n\n\n\n\n\n\n\n\n\n退出路径规划\n\n\n\n●\n\n\n\n\n\n\n\n\n\n发起导航\n\n\n\n●\n\n\n\n\n\n●\n\n\n\n退出导航\n\n\n\n\n\n●\n\n\n\n\n\n\n\n暂停/继续模拟导航\n\n\n\n\n\n\n\n●\n\n\n\n\n\n发起模拟导航\n\n\n\n●\n\n\n\n\n\n\n\n\n\n退出模拟导航\n\n\n\n\n\n\n\n●\n\n\n\n\n\n退出探路模式\n\n\n\n\n\n\n\n\n\n●\n\n\n\n模拟导航车速调整\n\n\n\n\n\n\n\n●\n\n\n\n\n\n组队入口\n\n●\n\n●\n\n●\n\n●\n\n●\n\n●\n\n路书入口\n\n●\n\n●\n\n●\n\n●\n\n●\n\n●\n\nRange On Map开启\n\n●\n\n\n\n●\n\n●\n\n●\n\n\n\n【更多】\n\n●\n\n\n\n\n\n\n\n\n\n\n\n导航模式的界面状态\n\n导航模式下，LBS系统的界面分为两种状态：沉浸态和触碰态。具体的设计样式以UE的设计为准。\n\n导航沉浸态\n\n导航模式下，界面进入沉浸态时，界面会突出引导信息，让用户开车过程种关注最重要的信息，是否需要沉浸态以交互为准。\n\n导航触碰态\n\n用户操作LSB系统界面时，就会出现所有的导航模式下支持的操作控件，方便用户操作功能或者移图查看图面其他区域内容。\n\n导航沉浸态和触碰态之间的变换逻辑\n\n导航沉浸太和触碰态之间的变换逻辑请参考交互设计。\n\nNote：\n\n以下情况，LBS系统会进入沉浸态：\n\n用户选择路线后，发起导航，此时LBS系统会直接进入导航的沉浸态；\n\n系统在触碰态的状态下，如果用户超过8s（>=8s）不操作LBS系统；\n\n用户从概览视图恢复到导航视图会进入沉浸态；\n\n\n\n以下情况会导致LBS系统从导航沉浸态变为导航触碰态：']",根据提供的上下文，没有明确说明发起路径规划的具体触发条件。,需要用户选择目的地，并确保导航服务已启动，系统随后会提交路径规划请求。,0.0,0.0,1.0,,0.13290455347846886
退出导航通常由哪些操作触发？,"['●\n\n●\n\n\n\n\n\n\n\n快捷导航设置\n\n\n\n●\n\n●\n\n\n\n\n\n\n\n快捷路线偏好\n\n\n\n●\n\n●\n\n\n\n\n\n\n\n快捷行程分享\n\n\n\n\n\n●\n\n\n\n●\n\n\n\n发起路径规划\n\n●\n\n\n\n\n\n\n\n\n\n\n\n退出路径规划\n\n\n\n●\n\n\n\n\n\n\n\n\n\n发起导航\n\n\n\n●\n\n\n\n\n\n●\n\n\n\n退出导航\n\n\n\n\n\n●\n\n\n\n\n\n\n\n暂停/继续模拟导航\n\n\n\n\n\n\n\n●\n\n\n\n\n\n发起模拟导航\n\n\n\n●\n\n\n\n\n\n\n\n\n\n退出模拟导航\n\n\n\n\n\n\n\n●\n\n\n\n\n\n退出探路模式\n\n\n\n\n\n\n\n\n\n●\n\n\n\n模拟导航车速调整\n\n\n\n\n\n\n\n●\n\n\n\n\n\n组队入口\n\n●\n\n●\n\n●\n\n●\n\n●\n\n●\n\n路书入口\n\n●\n\n●\n\n●\n\n●\n\n●\n\n●\n\nRange On Map开启\n\n●\n\n\n\n●\n\n●\n\n●\n\n\n\n【更多】\n\n●\n\n\n\n\n\n\n\n\n\n\n\n导航模式的界面状态\n\n导航模式下，LBS系统的界面分为两种状态：沉浸态和触碰态。具体的设计样式以UE的设计为准。\n\n导航沉浸态\n\n导航模式下，界面进入沉浸态时，界面会突出引导信息，让用户开车过程种关注最重要的信息，是否需要沉浸态以交互为准。\n\n导航触碰态\n\n用户操作LSB系统界面时，就会出现所有的导航模式下支持的操作控件，方便用户操作功能或者移图查看图面其他区域内容。\n\n导航沉浸态和触碰态之间的变换逻辑\n\n导航沉浸太和触碰态之间的变换逻辑请参考交互设计。\n\nNote：\n\n以下情况，LBS系统会进入沉浸态：\n\n用户选择路线后，发起导航，此时LBS系统会直接进入导航的沉浸态；\n\n系统在触碰态的状态下，如果用户超过8s（>=8s）不操作LBS系统；\n\n用户从概览视图恢复到导航视图会进入沉浸态；\n\n\n\n以下情况会导致LBS系统从导航沉浸态变为导航触碰态：', '4）“非首次开机大协议弹窗”或“敏感信息授权弹窗”显示时，如果再次收到同类型的弹窗（授权范围不同）显示请求，则取消原弹窗显示，并显示新弹窗；\n\n\n\n高优先级处理规则：\n\n5）“首次开机大协议弹窗”、“非首次开机大协议弹窗”或“敏感信息授权弹窗”显示时，如果出现更高优先级的页面时，需要显示更高优先级的页面（此时原弹窗可能被遮盖）；待更高优先级的页面取消后，显示原弹窗；\n\n\n\n应用切换规则：\n\n针对PIS 3000 PIS-3000 “3.1 Screen Priority”章节中定义的“其它应用”：\n\n6）“非首次开机大协议弹窗”因应用A触发显示时，如果触发新的应用B启动（包含Launcher），则取消因应用A触发的弹窗，并终止应用A的启动。\n\n7）“敏感信息授权弹窗”因应用A中功能a触发显示时，如果触发应用A中功能b或者应用B启动/回到前台（包含Launcher），则取消因应用A中功能a触发的弹窗。\n\n\n\n（仅适用于自研应用及合作方应用的大协议弹窗）\n\n1.首次开机的大协议弹窗：\n\n（1）弹窗被360/RVC/APA覆盖后，不影响弹窗状态，在360/RVC/APA退出后仍保持显示。\n\n（2）除360/RVC/APA外，非用户主动授权/拒绝授权时不可退出或被其他应用覆盖弹窗。\n\n2.首次开机弹窗以外的大协议弹窗：\n\n\t（1）此类弹窗显示时，如收到同类大协议弹窗（授权范围相同）请求，保持原弹窗显示，不再重新弹出。\n\n\t（2）此类弹窗显示时，如收到不同类大协议弹窗（授权范围不同）请求，取消原弹窗（不做授权/拒绝授权处理），原应用退出，弹出新弹窗。\n\n\t（3）此类弹窗显示时，当被其他应用及敏感授权弹窗全屏覆盖后或指令返回Home/All apps界面时，取消原弹窗（不做授权/拒绝授权处理），原应用退出；当被非全屏覆盖后，保持原弹窗显示状态。\n\n3.敏感信息授权弹窗：', '探路模式交通事件信息[Delete]\n\n探路模式下，交通事件信息查看请参考< 3.8.5 导航模式交通事件信息>。\n\n交通事件信息上报[Delete]\n\n在导航模式和主图模式下，点击屏幕任意位置进入操作态，用户可通过上报按钮进入事件上报模块。上报详细描述可支持文字或语音上报。\n\n路线上报支持的内容\n\n路线上报支持事件上报和道路报错。\n\n事件上报支持内容\n\n事件类型\n\n车道信息\n\n事件详情\n\n事故\n\n左侧车道\n\n中间车道\n\n右侧车道\n\n对向车道\n\n追尾\n\n剐蹭\n\n故障\n\n严重事故\n\n拥堵\n\n同向车道\n\n对向车道\n\n缓慢行驶\n\n轻微拥堵\n\n堵住不动\n\n危险\n\n左侧车道\n\n中间车道\n\n右侧车道\n\n对向车道\n\n积水\n\n路上有坑\n\n障碍物\n\n施工\n\n左侧车道\n\n中间车道\n\n右侧车道\n\n对向车道\n\n可以通行\n\n不能通行\n\n封路\n\n同向车道\n\n对向车道\n\n临时封路\n\n长期封路\n\n分时段封路\n\n道路报错支持内容\n\n错误类型\n\n问题详情\n\n道路不通\n\n封路\n\n单向通行\n\n路不存在\n\n路障\n\n禁止转向\n\n有禁左\n\n有紧右\n\n有紧掉\n\n限速\n\n60\n\n70\n\n80\n\n100\n\n120（高速）\n\n导向箭头\n\nN/A\n\n播报错误\n\n播报延迟错过路口\n\n播报内容错误\n\n路口放大图\n\nN/A\n\n其他\n\nN/A\n\n\n\n路况信息[在线]\n\n根据实时路况在地图中展示红黄绿路况线，同时在路径上区分红黄路路况，并且在路径上显示扎标拥堵距离和通过时间标牌。\n\n路况信息的支持模式\n\n底图路况线支持在普通底图、巡航模式、路径规划模式、探路模式展示。\n\n路径路况支持在探路模式、导航模式、模拟导航模式展示。\n\n路况信息的刷新频率\n\n底图路况线和路径路况线的刷新频率均为60s一次。\n\n路况信息的颜色及含义\n\n路况信息根据拥堵等级分为4种颜色：\n\n浅绿色：极为畅通\n\n绿色：行驶畅通 \n\n黄色：行驶缓慢\n\n红色：较为拥堵', '0.0.0.2\n\n8-Nov-19\n\n3.10.4\n\n删除描述错误”如果用户操作娱乐系统，Cluster退出Full Map模式“ 应为”如果用户操作Cluster退出Full Map模式“\n\nChen Deliao\n\n0.0.0.2\n\n8-Nov-19\n\n3.11.5.5\n\n基于自驾游攻略的途径点离线地图数据下载功能的要求调整为[MY TBD]\n\nChen Deliao\n\n0.0.0.2\n\n8-Nov-19\n\n3.13.9\n\n补充了常用行程电量预测的功能，含子章节3.13.9.1 和 3.13.9.2\n\nChen Deliao\n\n0.0.0.2\n\n8-Nov-19\n\n3.15.1\n\n补充了停车场推荐的详细要求，含子章节 3.15.1.1 ~ 3.15.1.7\n\nChen Deliao\n\n0.0.0.2\n\n8-Nov-19\n\n3.16\n\n补充LBS系统消息盒子的功能需求，含子章节3.16.1~3.16.3.5.2\n\nChen Deliao\n\n0.0.0.2\n\n8-Nov-19\n\n3.17\n\nPOI Send2Car 【Deleted-Move to PIS-2070_3.16.3】\n\nChen Deliao\n\n0.0.0.2\n\n8-Nov-19\n\n3.18\n\n补充车道级导航功能，含子章节，3.18.1~3.18.6.4\n\nChen Deliao\n\n0.0.0.2\n\n8-Nov-19\n\n3.19\n\n补充导航语音引导随向播报功能\n\nChen Deliao\n\n0.0.0.2\n\n8-Nov-19\n\n3.20\n\n补充辅助驾驶相关功能需求，含子章节 3.20.1~3.20.2\n\nChen Deliao\n\n0.0.0.2\n\n8-Nov-19\n\n3.21\n\n补充继续导航功能要求，含子章节3.21.1~3.21.2\n\nChen Deliao\n\n0.0.0.2\n\n8-Nov-19']",根据提供的上下文，退出导航的操作在文档[1]中明确列出为导航模式下支持的操作控件之一。具体触发退出导航的操作方式在上下文中没有详细说明。,包括用户手动退出导航、导航到达目的地、或系统状态切换导致导航自动结束。,,0.0,1.0,0.0,0.39280337076799404
快捷导航设置在 LBS 中起到什么作用？,"['●\n\n●\n\n\n\n\n\n\n\n快捷导航设置\n\n\n\n●\n\n●\n\n\n\n\n\n\n\n快捷路线偏好\n\n\n\n●\n\n●\n\n\n\n\n\n\n\n快捷行程分享\n\n\n\n\n\n●\n\n\n\n●\n\n\n\n发起路径规划\n\n●\n\n\n\n\n\n\n\n\n\n\n\n退出路径规划\n\n\n\n●\n\n\n\n\n\n\n\n\n\n发起导航\n\n\n\n●\n\n\n\n\n\n●\n\n\n\n退出导航\n\n\n\n\n\n●\n\n\n\n\n\n\n\n暂停/继续模拟导航\n\n\n\n\n\n\n\n●\n\n\n\n\n\n发起模拟导航\n\n\n\n●\n\n\n\n\n\n\n\n\n\n退出模拟导航\n\n\n\n\n\n\n\n●\n\n\n\n\n\n退出探路模式\n\n\n\n\n\n\n\n\n\n●\n\n\n\n模拟导航车速调整\n\n\n\n\n\n\n\n●\n\n\n\n\n\n组队入口\n\n●\n\n●\n\n●\n\n●\n\n●\n\n●\n\n路书入口\n\n●\n\n●\n\n●\n\n●\n\n●\n\n●\n\nRange On Map开启\n\n●\n\n\n\n●\n\n●\n\n●\n\n\n\n【更多】\n\n●\n\n\n\n\n\n\n\n\n\n\n\n导航模式的界面状态\n\n导航模式下，LBS系统的界面分为两种状态：沉浸态和触碰态。具体的设计样式以UE的设计为准。\n\n导航沉浸态\n\n导航模式下，界面进入沉浸态时，界面会突出引导信息，让用户开车过程种关注最重要的信息，是否需要沉浸态以交互为准。\n\n导航触碰态\n\n用户操作LSB系统界面时，就会出现所有的导航模式下支持的操作控件，方便用户操作功能或者移图查看图面其他区域内容。\n\n导航沉浸态和触碰态之间的变换逻辑\n\n导航沉浸太和触碰态之间的变换逻辑请参考交互设计。\n\nNote：\n\n以下情况，LBS系统会进入沉浸态：\n\n用户选择路线后，发起导航，此时LBS系统会直接进入导航的沉浸态；\n\n系统在触碰态的状态下，如果用户超过8s（>=8s）不操作LBS系统；\n\n用户从概览视图恢复到导航视图会进入沉浸态；\n\n\n\n以下情况会导致LBS系统从导航沉浸态变为导航触碰态：', 'Func Spec – PIS2116: Location Based Service_AVersion 0.0.2.3\n\n\n\n\n\n\n\nSpec Tracking Number: PIS2116\n\n\n\nLocation Based Service_A\n\n\n\nDocument Owner\n\nThis specification is owned by:\n\nHuang Minsi\n\nInfotainment Group, ELEC, PATAC\n\n+86 21 50165016 – 592625\n\nMinsi_Huang@patac.com.cn\n\n\n\n\nTable of Contents\n\n\t1 需求概述\t9\n\n\t1.1 背景价值\t9\n\n\t1.2 名词解释\t9\n\n\t1.3 功能全景\t9\n\n\t2 需求列表\t9\n\n\t3 需求描述\t10\n\n\t3.1 LBS定位系统\t10\n\n\t3.1.1 LBS系统的定位方案\t10\n\n\t3.1.2 卫星定位\t11\n\n\t3.1.3 网络定位[Delete]\t11\n\n\t3.1.4 航位推算(DR-Dead Reckoning)\t11\n\n\t3.1.5 高架桥识别\t12\n\n\t3.1.6 平行路切换\t12\n\n\t3.1.7 Map Matching\t12\n\n\t3.1.8 车道级定位[TBD]\t12\n\n\t3.2 LBS系统的工作模式\t12\n\n\t3.2.1 LBS系统不同工作模式介绍\t13\n\n\t3.2.2 不同模式下支持的内容显示\t15\n\n\t3.2.3 不同模式下支持的图面操作\t17\n\n\t3.2.4 不同模式下支持的快捷操作\t17\n\n\t3.2.5 导航模式的界面状态\t18\n\n\t3.2.6 鹰眼小地图[Delete]\t19\n\n\t3.2.7 光柱图\t20\n\n\t3.2.8 LBS系统的全览\t21\n\n\t3.2.9 路口大图\t21\n\n\t3.2.10 区间测速\t24', '应用内设置\n\n（针对应用本身的设置项，如网络开关等，可选项）\n\n\t本章节描述的时LBS系统支持的设置全集，不同工作模式下支持的快捷操作，请参考对应的工作模式。\n\n路线偏好设置\n\n为满足不同用户的需求，LBS系统提供不同的路线规划策略，智能推荐、时间优先、躲避拥堵、避免收费、不走高速、高速优先、Super Cruise优先。\n\n路线偏好设置详细请参考<路线偏好>。\n\n避开限行开关\n\nLBS系统支持用户在设置中开启和关闭避开限行功能。避开限行功能详细定义请参考<3.5.7.1 限行信息服务>。\n\n避开限行前置条件\n\nLBS系统的避开限行功能有两一个前置条件：\n\n避开限行功能的前置条件，需要用户设置了车牌号；\n\n避开限行功能的前置条件，需要LBS系统联网。\n\n\n\n避开限行功能前置条件不满足处理：\n\n联网，但未设置车牌号，需要提示和引导用户设置车牌号；\n\n未联网，但已经设置车牌号，需要提示用户，当前无网络，避开限行功能不可用；\n\n未联网，未设置车牌号，需要提示和引导用户联网后设置车牌号，以规避限行。\n\n避开限行账户相关\n\nLBS系统的避开限行功能开关状态不支持同步。\n\n车牌号码设置\n\nLBS系统需要为用户提供快捷方便的车牌号设置。\n\n1）支持小型汽油车车牌设置，蓝牌，7位，中文+英文+数字，例：沪ABC666\n\n2）支持小型新能源车车牌设置，绿牌，8位，中文+英文+数字，例：沪ADC6666\n\n省份简称选择\n\nLBS系统的车牌设置中，需要为用户提供快捷的省份选择功能。\n\n默认省份/直辖市简称\n\nLBS系统中，车牌设置中对应的默认省份/直辖市应根据车辆定位，显示车辆当前位置所在省份/直辖市对应的简称。\n\n如果当前车辆没有定位信息，则以‘沪’作为默认区域1简称。\n\n车牌号码字符规范\n\n车牌号码设置中，只允许用户输入英文字符和数字。\n\n英文字符自动变换', '车道级定位[TBD]\n\n为了满足车道级导航，LBS系统需要支持车道级定位能力，车道级定位的性能要求请参考< 3.18.3 车道级导航的性能要求>，供应商需要提交车道级定位的系统方案，明确对系统硬件的依赖，并交由PATAC审核。\n\nLBS系统的工作模式\n\nLBS系统的工作模式分为：主图模式、导航模式、模拟导航、探路模式、巡航模式、路径规划模式等。\n\nLBS系统不同工作模式介绍\n\n主图模式\n\n主图模式下，LBS系统为用户展示地图，显示CVP位置等信息。并支持用户进行一些搜索、设置、地图查看等操作。\n\n路径规划模式\n\n路径规划模式为用户进入路径规划的模式，在该模式下，支持用户查看路线规划信息，选择路径，发起模拟导航等。\n\n该模式用户选择目的地后进行路线规划时，展示路线规划结果的状态，该状态下支持用户进行快捷沿途搜索、快捷导航设置、快捷路线偏好设置以及一框搜索途经点等。\n\n路径规划地图视角\n\n路径规划模式下，地图视角只支持2D正北朝上，不支持用户调整。\n\n导航模式\n\n导航模式下，LBS系统为用户提供最全和最详细的行车引导。\n\n模拟导航\n\n为方便工程测试，LBS系统为用户提供一个模拟导航的能力，在工程模式支持模拟导航，售出车此功能关闭。\n\n探路模式[Delete]\n\n探路模式，此模式为用户提供简洁的引导播报和路线概览以及备选路线探测功能。提供车速、电子眼、机动点、拥堵、道路事件做播报及图面显示内容；同时可设置路线偏好、沿途搜，还提供了刷新路线、路况、定位、放大缩小地图按钮。\n\n探路模式目的地选择[Delete]\n\n巡航模式\n\n巡航模式是一个可自动触发的功能，巡航模式下，LBS系统会为用户提供前方的路况、电子眼、安全信息等播报，用户可以通过图面操作进行巡航状态下，播报模式的选择。播报模式包含播报与静音。\n\n巡航模式的触发条件']","根据提供的上下文，没有关于""快捷导航设置""具体作用的描述。上下文只提到了""快捷导航设置""这个功能名称出现在不同工作模式支持的快捷操作列表中，但没有详细说明其具体功能和作用。

我不知道快捷导航设置在LBS中起到什么作用。",允许用户提前配置偏好，提高路径规划效率，如偏好路线类型或避开策略。,0.4166666666458333,0.0,,,0.28617497928317026
用户触发模拟导航时，系统会进行哪些流程？,"['●\n\n●\n\n\n\n\n\n\n\n快捷导航设置\n\n\n\n●\n\n●\n\n\n\n\n\n\n\n快捷路线偏好\n\n\n\n●\n\n●\n\n\n\n\n\n\n\n快捷行程分享\n\n\n\n\n\n●\n\n\n\n●\n\n\n\n发起路径规划\n\n●\n\n\n\n\n\n\n\n\n\n\n\n退出路径规划\n\n\n\n●\n\n\n\n\n\n\n\n\n\n发起导航\n\n\n\n●\n\n\n\n\n\n●\n\n\n\n退出导航\n\n\n\n\n\n●\n\n\n\n\n\n\n\n暂停/继续模拟导航\n\n\n\n\n\n\n\n●\n\n\n\n\n\n发起模拟导航\n\n\n\n●\n\n\n\n\n\n\n\n\n\n退出模拟导航\n\n\n\n\n\n\n\n●\n\n\n\n\n\n退出探路模式\n\n\n\n\n\n\n\n\n\n●\n\n\n\n模拟导航车速调整\n\n\n\n\n\n\n\n●\n\n\n\n\n\n组队入口\n\n●\n\n●\n\n●\n\n●\n\n●\n\n●\n\n路书入口\n\n●\n\n●\n\n●\n\n●\n\n●\n\n●\n\nRange On Map开启\n\n●\n\n\n\n●\n\n●\n\n●\n\n\n\n【更多】\n\n●\n\n\n\n\n\n\n\n\n\n\n\n导航模式的界面状态\n\n导航模式下，LBS系统的界面分为两种状态：沉浸态和触碰态。具体的设计样式以UE的设计为准。\n\n导航沉浸态\n\n导航模式下，界面进入沉浸态时，界面会突出引导信息，让用户开车过程种关注最重要的信息，是否需要沉浸态以交互为准。\n\n导航触碰态\n\n用户操作LSB系统界面时，就会出现所有的导航模式下支持的操作控件，方便用户操作功能或者移图查看图面其他区域内容。\n\n导航沉浸态和触碰态之间的变换逻辑\n\n导航沉浸太和触碰态之间的变换逻辑请参考交互设计。\n\nNote：\n\n以下情况，LBS系统会进入沉浸态：\n\n用户选择路线后，发起导航，此时LBS系统会直接进入导航的沉浸态；\n\n系统在触碰态的状态下，如果用户超过8s（>=8s）不操作LBS系统；\n\n用户从概览视图恢复到导航视图会进入沉浸态；\n\n\n\n以下情况会导致LBS系统从导航沉浸态变为导航触碰态：', 'Mao Changhong\n\n0.0.0.7\n\n14-Oct-20\n\n3.4.2.4\n\n修改家与公司仅可在收藏夹中删除\n\nMao Changhong\n\n0.0.0.7\n\n14-Oct-20\n\n3.4.2.5\n\n删除家与公司诱导弹条弹出频率的控制\n\nMao Changhong\n\n0.0.0.7\n\n14-Oct-20\n\n3.4.3.1\n\n明确收藏夹自动同步的策略\n\nMao Changhong\n\n0.0.0.7\n\n14-Oct-20\n\n3.5.1\n\n补充不同模式下的引导信息\n\nMao Changhong\n\n0.0.0.7\n\n14-Oct-20\n\n3.5.2\n\n更新TBT信息集\n\nMao Changhong\n\n0.0.0.7\n\n14-Oct-20\n\n3.5.5\n\n引导信息中增加EDA信息\n\nMao Changhong\n\n0.0.0.7\n\n14-Oct-20\n\n3.6.1\n\n更新本网规划策略\n\nMao Changhong\n\n0.0.0.7\n\n14-Oct-20\n\n3.6.2.2\n\n补充路线规划结果排序的设计\n\nMao Changhong\n\n0.0.0.7\n\n14-Oct-20\n\n3.6.2.4\n\n\t补充地图地图的路线特性\n\nMao Changhong\n\n0.0.0.7\n\n14-Oct-20\n\n3.6.3\n\n补充备选路线探测的工作模式\n\nMao Changhong\n\n0.0.0.7\n\n14-Oct-20\n\n3.6.4.7\n\n删除查看途径点列表\n\nMao Changhong\n\n0.0.0.7\n\n14-Oct-20\n\n3.6.4.7\n\n明确路径规划、导航模式、探路模式下的途径点顺序调整需求\n\nMao Changhong\n\n0.0.0.7\n\n14-Oct-20\n\n3.6.4.8\n\n补充途径点自动到达、偏航、手动到达的逻辑\n\nMao Changhong\n\n0.0.0.7', '若用户一年内对某一POI发起导航大于等于2次小于5次，则将其导航时间的平均值作为预测发起导航时间段，其前后两小时为预测时间段，其发起导航的星期X为预测发起导航的时间周期，当下次用户发起导航在预测时间周期中的预测时间段，则触发常去目的地提醒；\n\n用户点击回家或去公司后，自动进入通勤模式并选择第一条路线作为路线引导，选择其他常去目的地则进入路径规划模式。\n\n常去地点管理[Delete]\n\nLBS服务支持用户删除常去目的地，删除后重新从0累加导航次数，若满足常去目的地判断规则，则可再次被列入常去目的地清单；\n\nLBS对常用目的地设置有黑名单，其中某些特殊的地点不进行推送，如下：\n\n酒店类地点\n\n洗浴类地点\n\n关键字包括：酒店、饭店宾馆、洗浴、按摩、养生、SPA、足道、会所、良子等\n\n常去地点排序[Delete]\n\n常去目的地最多展示三条，其展示优先级为：家和公司>历史导航次数 > 当前时间点对于其时间点正态分布的概率值 > 方差小（若还是有并列关系的目的地，则随机取）。\n\n替换逻辑[Delete]\n\nTBD\n\n基于高德SDK 750的搜索\n\n顺路搜[在线]\n\n关键字搜索\n\n支持搜索框输入关键字进行沿途结果的搜索，部分搜索词会下发筛选器。\n\n1）泛搜：仅展示路线周围结果\n\n2）精搜：支持非路线周围结果\n\n品类搜索（类型）\n\n顺路搜可选择类型，类似周边类型搜（充电、美食、加油等类型），其中服务区、途径路和天气从算路接口获取，展示条件同算路展示相同。仅展示路线周围结果，属于泛搜\n\nID搜索\n\n顺路搜可选择历史POI、历史搜索名称等ID发起搜索，属于精搜。\n\n顺路搜场景优化\n\n高快速场景下：公版搜索结果，所有POI类别搜索，都只保留同向POI信息，对向不显示\n城市路场景下：在有路线的情况下，支持区分同向和对向信息\n\n搜索引擎升级\n\nV2搜索引擎', 'Launc\nher  V\nCS2.0\n地图桌面 由于在UX２.０中需要显示导航主页，请考虑能否让Launcher直接接入导航，这\n样可以不再使用 的 去加载，能够实现更加顺滑的切换效果AOSP taskView\n如上述无法实现，则\n在UX2.0的设计中，需要在桌面显示导航主页，按照设计，该界面的功能需要与\n导航应用主页的功能一致（两个Activity），因此，需要在设计APK架构时，将视\n图层与导航控制层不要强绑定。\n1.导航桌面上默认显示桌面卡片，一定条件下需要进行隐藏\n2.壁纸、车模桌面左上角均有（家、公司、搜索）三个按钮，且能显示巡航态、\n导航态信息，需要由导航应用绘制\n3.在地图桌面，AppWindow显示的场景下，导航桌面部分元素需要位移\n与Launcher具体的交互设计见PIS-3301      在PIS-3302中，副驾吸顶屏保界面\n需要导航动态卡，但是目前没有具体描述\n导航桌面已经导航应用与其他桌\n面的交互\nN Y\nLaunc\nher  V\nCS2.0\n桌面导航卡片 与Launcher具体的交互设计见PIS-3000\nLauncher桌面 存在五张卡片，其中存在导航卡片，其余卡片使用AOSP widget, \n导航卡片使用TaskView加载\nrequestReverseGeoSearch\nY N\n本地相\n册\n根据图片的exif 信息中包含的经纬度信息，\n查询具体的省、市等区域\n获取地址信息 N Y\n场景创\n想室\n打开地图 () 打开地图页面 Y Y\n搜索目的地并支持设置地址开始导航 搜索目的地，同时支持列表显示（透出POI名称、经纬度） 支持搜索目的地，并支持返回搜\n索列表\n同时支持外部调用设置地址接口\n开始导航\nN N\n获取家、公司、收藏地点的详细信息，同时\n需支持设置地址开始导航']","根据提供的上下文，没有关于用户触发模拟导航时系统具体流程的信息。上下文中只提到了""发起模拟导航""、""暂停/继续模拟导航""、""退出模拟导航""和""模拟导航车速调整""这些功能入口，但没有描述具体的触发流程。

我不知道用户触发模拟导航时系统会进行哪些流程。",系统会构建模拟路径，进入模拟导航模式，并支持暂停与继续等操作。,0.9999999999,1.0,0.8571428571428571,0.0,0.5786336093557563
